Workbook
Name nADM_A_Date: Administrations!$O$5:$O$78
Name nADM_A_Err: Administrations!$W$5:$W$78
Name nADM_A_Hi: Administrations!$AA$5:$AA$78
Name nADM_A_HT: Administrations!$X$5:$X$78
Name nADM_A_Lo: Administrations!$Z$5:$Z$78
Name nADM_A_Loc: Administrations!$AB$5:$AB$78
Name nADM_A_Lower: Administrations!$T$5:$T$78
Name nADM_A_Month: Administrations!$S$5:$S$78
Name nADM_A_Off: Administrations!$Q$5:$Q$78
Name nADM_A_OK: Administrations!$Y$5:$Y$78
Name nADM_A_Prec: Administrations!$N$5:$N$78
Name nADM_A_Src: Administrations!$V$5:$V$78
Name nADM_A_Text: Administrations!$M$5:$M$78
Name nADM_A_Time: Administrations!$P$5:$P$78
Name nADM_A_Upper: Administrations!$U$5:$U$78
Name nADM_A_UTC: Administrations!$AC$5:$AC$78
Name nADM_A_Year: Administrations!$R$5:$R$78
Name nADM_Admin_ID: Administrations!$C$5:$C$78
Name nADM_BSA_div: Administrations!$AY$5:$AY$78
Name nADM_BSA_m2: Administrations!$J$5:$J$78
Name nADM_BSA_n: Administrations!$AW$5:$AW$78
Name nADM_Case_ID: Administrations!$A$5:$A$78
Name nADM_Case_Version: Administrations!$B$5:$B$78
Name nADM_Check_Message: Administrations!$BL$5:$BL$78
Name nADM_Dose: Administrations!$F$5:$F$78
Name nADM_Dose_n: Administrations!$AU$5:$AU$78
Name nADM_Dose_per_BSA: Administrations!$AZ$5:$AZ$78
Name nADM_Dose_Unit: Administrations!$G$5:$G$78
Name nADM_Dup: Administrations!$AM$5:$AM$78
Name nADM_End_Date: Administrations!$AD$5:$AD$78
Name nADM_End_Off: Administrations!$AF$5:$AF$78
Name nADM_End_Src: Administrations!$AG$5:$AG$78
Name nADM_End_Time: Administrations!$AE$5:$AE$78
Name nADM_Ep_Found: Administrations!$BJ$5:$BJ$78
Name nADM_Exposure_Episode_ID: Administrations!$D$5:$D$78
Name nADM_HasBSA: Administrations!$AX$5:$AX$78
Name nADM_HasDose: Administrations!$AV$5:$AV$78
Name nADM_Key: Administrations!$AL$5:$AL$78
Name nADM_Kind: Administrations!$E$5:$E$78
Name nADM_Lo_n: Administrations!$AR$5:$AR$78
Name nADM_Loc_n: Administrations!$AP$5:$AP$78
Name nADM_Missing_Reason: Administrations!$K$5:$K$78
Name nADM_Notes: Administrations!$L$5:$L$78
Name nADM_Overlap: Administrations!$BH$5:$BH$78
Name nADM_Rate: Administrations!$H$5:$H$78
Name nADM_Rate_n: Administrations!$AT$5:$AT$78
Name nADM_Rate_Unit: Administrations!$I$5:$I$78
Name nADM_Record_Check: Administrations!$BK$5:$BK$78
Name nADM_SE_Err: Administrations!$AH$5:$AH$78
Name nADM_SE_Loc: Administrations!$AI$5:$AI$78
Name nADM_SE_OK: Administrations!$AJ$5:$AJ$78
Name nADM_SE_UTC: Administrations!$AK$5:$AK$78
Name nADM_Seg_Check: Administrations!$BI$5:$BI$78
Name nADM_SegE_cmp: Administrations!$BG$5:$BG$78
Name nADM_SegE_Loc_n: Administrations!$BE$5:$BE$78
Name nADM_SegE_UTC_n: Administrations!$BC$5:$BC$78
Name nADM_SegOK: Administrations!$BA$5:$BA$78
Name nADM_SegS_cmp: Administrations!$BF$5:$BF$78
Name nADM_SegS_Loc_n: Administrations!$BD$5:$BD$78
Name nADM_SegS_UTC_n: Administrations!$BB$5:$BB$78

Sheet Read_Me
B1: Time to Onset in Drug Safety: companion Excel workbook
B2: TTO Companion Tools v1.0 (CALC-SPEC 1.0)
B3: Companion to "Time to Onset in Drug Safety: A Technical Guide to ICSR Analysis Using Mechanism of Action, Pharmacokinetics and Pharmacodynamics" by Dr. Hafez Selim (Chapter 23, Use the Excel worksheets).
B5: Educational tool: read before use
B6: This workbook is an educational tool for training, self-study and careful desk work on individual case safety reports (ICSRs). It is NOT validated for regulated production use. It is NOT a dosing calculator and gives no dosing recommendation. It NEVER assigns causality and never produces a causality category, a probability or a statement that an event is related to a drug. Every result describes timing or exposure under the assumptions shown beside it; the formal causality assessment remains a human judgment.
B7: Sheet protection only prevents accidental edits; it is not a security control. The workbook contains no macros, no VBA, no external links and no network connections, so case data stay on your computer. Use fictional or de-identified data for training.
B9: Version | C9: TTO Companion Tools v1.0 (CALC-SPEC 1.0). Calculation rules: CALC-SPEC 1.0 (Stage 1 document C). Verification vectors: tto_calc_test_vectors_v1.0.json (V01-V27).
B10: License | C10: Creative Commons Attribution-NonCommercial 4.0 International (CC BY-NC 4.0), https://creativecommons.org/licenses/by-nc/4.0/
B11: Source and updates | C11: https://github.com/abdu94-hash/tto-companion-tools (the interactive calculator built on the same CALC-SPEC is at https://abdu94-hash.github.io/tto-companion-tools/)
B12: Verification status | C12: =nVER_Overall -> PASS: all 25 numeric vectors reproduce within the JSON tolerance
B13: Examples status | C13: =nEX_Status -> MATCH: all 71 example checks reproduce the home chapters' numbers
B14: Tested with | C14: Microsoft 365 Excel for Windows (version 16.0, build 20430). Formulas use only functions available in Excel 2010 and later (no LET, LAMBDA, dynamic arrays or TEXTJOIN). Not yet verified in Excel for the web, Excel for Mac, Google Sheets or LibreOffice.
B16: How to use (the workup of Chapter 23)
B17: 1. Cases | C17: Open a case version (Case_ID + Case_Version). Follow-up adds a new version; earlier rows stay (V12).
B18: 2. Record the sources | C18: On Exposures, Administrations, Events and Milestones enter every date, time and timing statement as the source gives it: original text, precision, bounds and source. Never type 0, N/A or a typical value to make a row calculate.
B19: 3. Drug_Event_Links | C19: Create the drug-event pairs you intend to compare, each with a reason. An interval without a link shows E_MISSING_LINK.
B20: 4. Intervals | C20: One row per link and anchor. Pick the anchor record (see Timepoints for IDs) and the end point, and the rule: C1 (two timestamps, minutes), C2 (two exact dates, calendar days; C3 treatment day on request) or C4 (bounds). LAST_DOSE_BEFORE_ONSET is selected by C5. Reported timing (C6) sits beside the value. CESSATION to a RECOVERY milestone is a C7 recovery interval. Send a query for every E-code.
B21: 5. Product evidence | C21: Product_Dossier (one row per extracted statement) and Parameter_Register (value, range, unit, population, half-life type, status, source).
B22: 6. Technical arithmetic | C22: PK_Exercises (Q1-Q5, Q7-Q11) and PD_Profile (Q6 teaching demonstration). Run only what the question needs, after confirming each gate. Q8 shows a scenario range, never a midpoint or confidence interval. Q11 needs creatinine stability confirmed.
B23: 7. Reviewer judgments | C23: Temporal_Profile, Biology_Review (four options, each with a rationale; none is a relatedness category), Dechallenge_Rechallenge, Alternatives_Followup.
B24: 8. Assessment_QC | C24: Narrative, method, unresolved issues and the counts of blocked and flagged interval rows. To print a one-case summary, filter Case_ID on each sheet and print.
B26: Sheets
B27: Read_Me | C27: This page.
B28: Cases | C28: Input. One row per case version.
B29: Exposures | C29: Input. One row per exposure episode; Start, Stop and Restart are timepoints (Episode/START, /STOP, /RESTART).
B30: Administrations | C30: Input. One row per dose, administration or infusion rate segment (start, end, rate); dose and BSA for Q10.
B31: Events | C31: Input. One row per event episode; Onset and First detection are timepoints (Episode/ONSET, /DETECTION).
B32: Milestones | C32: Input. Tests, organ function, concentrations, interventions, recovery and other dated records.
B33: Drug_Event_Links | C33: Reviewer. Selected pairs with a reason (no automatic pairing).
B34: Intervals | C34: Derived. One row per link and anchor: value, unit, rule, sequence status, flags, messages, assumptions.
B35: Product_Dossier | C35: Input. Versioned product statements, timing-statement kind, label discrepancies.
B36: Parameter_Register | C36: Input. Parameters with status, population and source; a readiness check.
B37: PK_Exercises | C37: Derived. Q1-Q5 and Q7-Q11 with gates, Parameter_Set, mandatory text and flags.
B38: PD_Profile | C38: Reviewer prompts; Q6 teaching demonstration (switch required; always I_TEACHING_DEMONSTRATION).
... B44: Lists | C44: Validation lists.
B46: Conventions
B47: Cells | C47: Yellow = input (unlocked). Grey = formula (locked). Blue rows at the bottom of a sheet are reserved and locked: they hold the fictional teaching cases and the verification vectors read by the Examples and Verification sheets. Copy them into the yellow rows with a new Case_ID to experiment.
B48: Date precision | C48: TIMESTAMP: Date, local Time and UTC offset (choose unknown if it is not recorded; C1 then uses local clock times with W_TZ_UNKNOWN). DATE: Date only, Time left blank (a date is never given a time). MONTH: Year and Month, expanded to the first and last day, leap years respected. YEAR: 1 January to 31 December. RANGE: earliest and latest dates as stated, with the source. A single date is never imputed from bounds.
B49: Dates and units | C49: Dates are displayed as day month year (10 January 2026); ISO 8601 forms are on Timepoints and Intervals. Units are in the column headers. Only the conversions of CALC-SPEC Section 6 are automatic; weeks, months and years are never converted to days.
B50: Precision and display | C50: Value columns hold unrounded results (G1). Result_Display columns round per CALC-SPEC Section 7: whole minutes, hours to 1 decimal, whole calendar days, percentages to 3 significant figures, ratios to 2 decimals, mg and mg/m2 to 1 decimal, creatinine clearance in whole mL/minute.
B51: Flags | C51: E-codes block a result: the row shows the E-code and no number. W-codes are shown with the result. I-codes annotate it. Messages are verbatim from Flags_Messages; no spreadsheet error text is shown (G7).
B52: Protection | C52: Every sheet is protected without a password (Review > Unprotect Sheet). Filtering is allowed. If you unprotect and change a formula, the Verification sheet no longer documents the workbook you are using.
B53: Export | C53: Export a table by copying it or saving the sheet as CSV UTF-8. Free text that starts with =, +, - or @ must be escaped (Export_Safe columns on Alternatives_Followup and Assessment_QC). Check the round trip (V14). Treatment-day numbers and analytical intervals are never written to E2B fields automatically.
B55: Implementation decisions (where CALC-SPEC 1.0 or Chapter 23 left a choice)
B56: C1 arithmetic | C56: Timestamps are converted to whole minutes (date x 1440 + minutes of the day, minus the UTC offset), so intervals are exact integers.
B57: C2 on the same date | C57: When both records have times, C1 decides the order; if an offset is unknown the row also carries W_TZ_UNKNOWN.
B58: C5 selection | C58: An administration is eligible when it is at or before the end point: by UTC time when both times and offsets are known, by local time when an offset is unknown, otherwise by date (for a bounded onset, on or before its earliest date). The latest eligible administration is selected.
B59: C6 comparison | C59: Reported bounds in minutes, hours or days are compared with C1 results (converted to minutes); bounds in calendar days with C2 and C4 results. Weeks, months, years and other pairings are not converted or compared (I_APPROXIMATE_NOT_COMPARED).
B60: C7 interventions | C60: An INTERVENTION milestone counts when it lies within cessation and recovery inclusive (by time when all three are timed, otherwise by date). CALC-SPEC 1.0 has no code for interventions unknown; the row shows a plain note instead.
B61: Q6 switch | C61: With the teaching-demonstration switch off, Q6 shows E_APPLICABILITY_UNCONFIRMED, as in the reference implementation.
B62: Q9 offsets | C62: If any segment or the onset has an unknown offset, local clock times are used and W_TZ_UNKNOWN is shown.
B63: Q10 Method B | C63: Method B uses the BSA recorded at the FIRST or LAST administration, or a STATED value, chosen by the user.
B64: Q7 unit | C64: Q7 accepts days only (CALC-SPEC: t_half and t in days).

Sheet Cases
A1: Cases: one row per case version
A2: Yellow cells are inputs; grey cells are locked formulas. Enter what the source says: original text, precision and bounds. Nothing is imputed (CALC-SPEC G2).
A3: INPUTS: one row per case version (follow-up adds a version; earlier rows stay) | J3: CHECKS
A4: Case_ID | B4: Case_Version | C4: Received date | D4: Setting | E4: Reviewer | F4: Review date | G4: Fictional or de-identified teaching case? | H4: Summary | I4: What this version adds | J4: Case key | K4: Key count | L4: Record check | M4: Check message
J5: =IF(A5="","",A5&"|"&B5) | K5: =IF(J5="",0,COUNTIF(nCASE_Key,J5)) -> 0 | L5: =IF(J5="","",IF(B5="","E_MISSING_INPUT",IF(K5>1,"E_DUPLICATE_ID",""))) | M5: =IF(L5="","",L5&": "&SUBSTITUTE(IFERROR(INDEX(nMSG_Text,MATCH(L5,nMSG_Code,0)),""),"[input]","a Case_Version"))
J6: =IF(A6="","",A6&"|"&B6) | K6: =IF(J6="",0,COUNTIF(nCASE_Key,J6)) -> 0 | L6: =IF(J6="","",IF(B6="","E_MISSING_INPUT",IF(K6>1,"E_DUPLICATE_ID",""))) | M6: =IF(L6="","",L6&": "&SUBSTITUTE(IFERROR(INDEX(nMSG_Text,MATCH(L6,nMSG_Code,0)),""),"[input]","a Case_Version"))
J7: =IF(A7="","",A7&"|"&B7) | K7: =IF(J7="",0,COUNTIF(nCASE_Key,J7)) -> 0 | L7: =IF(J7="","",IF(B7="","E_MISSING_INPUT",IF(K7>1,"E_DUPLICATE_ID",""))) | M7: =IF(L7="","",L7&": "&SUBSTITUTE(IFERROR(INDEX(nMSG_Text,MATCH(L7,nMSG_Code,0)),""),"[input]","a Case_Version"))
J8: =IF(A8="","",A8&"|"&B8) | K8: =IF(J8="",0,COUNTIF(nCASE_Key,J8)) -> 0 | L8: =IF(J8="","",IF(B8="","E_MISSING_INPUT",IF(K8>1,"E_DUPLICATE_ID",""))) | M8: =IF(L8="","",L8&": "&SUBSTITUTE(IFERROR(INDEX(nMSG_Text,MATCH(L8,nMSG_Code,0)),""),"[input]","a Case_Version"))
J9: =IF(A9="","",A9&"|"&B9) | K9: =IF(J9="",0,COUNTIF(nCASE_Key,J9)) -> 0 | L9: =IF(J9="","",IF(B9="","E_MISSING_INPUT",IF(K9>1,"E_DUPLICATE_ID",""))) | M9: =IF(L9="","",L9&": "&SUBSTITUTE(IFERROR(INDEX(nMSG_Text,MATCH(L9,nMSG_Code,0)),""),"[input]","a Case_Version"))
J10: =IF(A10="","",A10&"|"&B10) | K10: =IF(J10="",0,COUNTIF(nCASE_Key,J10)) -> 0 | L10: =IF(J10="","",IF(B10="","E_MISSING_INPUT",IF(K10>1,"E_DUPLICATE_ID",""))) | M10: =IF(L10="","",L10&": "&SUBSTITUTE(IFERROR(INDEX(nMSG_Text,MATCH(L10,nMSG_Code,0)),""),"[input]","a Case_Version"))
J11: =IF(A11="","",A11&"|"&B11) | K11: =IF(J11="",0,COUNTIF(nCASE_Key,J11)) -> 0 | L11: =IF(J11="","",IF(B11="","E_MISSING_INPUT",IF(K11>1,"E_DUPLICATE_ID",""))) | M11: =IF(L11="","",L11&": "&SUBSTITUTE(IFERROR(INDEX(nMSG_Text,MATCH(L11,nMSG_Code,0)),""),"[input]","a Case_Version"))
J12: =IF(A12="","",A12&"|"&B12) | K12: =IF(J12="",0,COUNTIF(nCASE_Key,J12)) -> 0 | L12: =IF(J12="","",IF(B12="","E_MISSING_INPUT",IF(K12>1,"E_DUPLICATE_ID",""))) | M12: =IF(L12="","",L12&": "&SUBSTITUTE(IFERROR(INDEX(nMSG_Text,MATCH(L12,nMSG_Code,0)),""),"[input]","a Case_Version"))
J13: =IF(A13="","",A13&"|"&B13) | K13: =IF(J13="",0,COUNTIF(nCASE_Key,J13)) -> 0 | L13: =IF(J13="","",IF(B13="","E_MISSING_INPUT",IF(K13>1,"E_DUPLICATE_ID",""))) | M13: =IF(L13="","",L13&": "&SUBSTITUTE(IFERROR(INDEX(nMSG_Text,MATCH(L13,nMSG_Code,0)),""),"[input]","a Case_Version"))
J14: =IF(A14="","",A14&"|"&B14) | K14: =IF(J14="",0,COUNTIF(nCASE_Key,J14)) -> 0 | L14: =IF(J14="","",IF(B14="","E_MISSING_INPUT",IF(K14>1,"E_DUPLICATE_ID",""))) | M14: =IF(L14="","",L14&": "&SUBSTITUTE(IFERROR(INDEX(nMSG_Text,MATCH(L14,nMSG_Code,0)),""),"[input]","a Case_Version"))
J15: =IF(A15="","",A15&"|"&B15) | K15: =IF(J15="",0,COUNTIF(nCASE_Key,J15)) -> 0 | L15: =IF(J15="","",IF(B15="","E_MISSING_INPUT",IF(K15>1,"E_DUPLICATE_ID",""))) | M15: =IF(L15="","",L15&": "&SUBSTITUTE(IFERROR(INDEX(nMSG_Text,MATCH(L15,nMSG_Code,0)),""),"[input]","a Case_Version"))
J16: =IF(A16="","",A16&"|"&B16) | K16: =IF(J16="",0,COUNTIF(nCASE_Key,J16)) -> 0 | L16: =IF(J16="","",IF(B16="","E_MISSING_INPUT",IF(K16>1,"E_DUPLICATE_ID",""))) | M16: =IF(L16="","",L16&": "&SUBSTITUTE(IFERROR(INDEX(nMSG_Text,MATCH(L16,nMSG_Code,0)),""),"[input]","a Case_Version"))
... J24: =IF(A24="","",A24&"|"&B24) | K24: =IF(J24="",0,COUNTIF(nCASE_Key,J24)) -> 0 | L24: =IF(J24="","",IF(B24="","E_MISSING_INPUT",IF(K24>1,"E_DUPLICATE_ID",""))) | M24: =IF(L24="","",L24&": "&SUBSTITUTE(IFERROR(INDEX(nMSG_Text,MATCH(L24,nMSG_Code,0)),""),"[input]","a Case_Version"))
A25: Reserved, locked rows: fictional teaching cases EX-C01 (case version 2), EX-C04 (version 2) and EX-C28 (version 2), read by the Examples sheet. Copy rows to the yellow area with a new Case_ID to experiment.
A26: EX-C01 | B26: 2 | C26: 46036 | D26: Hospital infusion (fictional) | G26: Yes | H26: Urticaria, wheeze and hypotension 15 minutes after the start of a first Drug A infusion (Chapter 3, Section 3.7). | I26: Version 2 (follow-up 14 January 2026) adds Drug B, the antiseptic, pump rate, first exposure, diagnosis and tryptase sample; version 1 facts unchanged. | J26: =IF(A26="","",A26&"|"&B26) -> EX-C01|2 | K26: =IF(J26="",0,COUNTIF(nCASE_Key,J26)) -> 1 | L26: =IF(J26="","",IF(B26="","E_MISSING_INPUT",IF(K26>1,"E_DUPLICATE_ID",""))) | M26: =IF(L26="","",L26&": "&SUBSTITUTE(IFERROR(INDEX(nMSG_Text,MATCH(L26,nMSG_Code,0)),""),"[input]","a Case_Version"))
A27: EX-C04 | B27: 2 | C27: 46223 | D27: Primary care and emergency department (fictional) | G27: Yes | H27: Nausea and symptomatic bradycardia on digoxin after renal deterioration (Chapter 11, Section 11.8; Chapter 23, Section 23.11). | I27: Version 2 (GP letter received 20 July 2026) adds dose, last dose time, ibuprofen, creatinine series, digoxin level with sample time and IV fluids. | J27: =IF(A27="","",A27&"|"&B27) -> EX-C04|2 | K27: =IF(J27="",0,COUNTIF(nCASE_Key,J27)) -> 1 | L27: =IF(J27="","",IF(B27="","E_MISSING_INPUT",IF(K27>1,"E_DUPLICATE_ID",""))) | M27: =IF(L27="","",L27&": "&SUBSTITUTE(IFERROR(INDEX(nMSG_Text,MATCH(L27,nMSG_Code,0)),""),"[input]","a Case_Version"))
A28: EX-C28 | B28: 2 | C28: 46188 | D28: Hematology and hepatology (fictional) | G28: Yes | H28: HBV reactivation months after completing rituximab (Chapter 20, Section 20.4; Chapter 23, Section 23.12). | I28: Version 2 (received 15 June 2026) adds cycle dates, serology, prophylaxis, HBV DNA monitoring, prednisolone course and B-cell/IgG results. | J28: =IF(A28="","",A28&"|"&B28) -> EX-C28|2 | K28: =IF(J28="",0,COUNTIF(nCASE_Key,J28)) -> 1 | L28: =IF(J28="","",IF(B28="","E_MISSING_INPUT",IF(K28>1,"E_DUPLICATE_ID",""))) | M28: =IF(L28="","",L28&": "&SUBSTITUTE(IFERROR(INDEX(nMSG_Text,MATCH(L28,nMSG_Code,0)),""),"[input]","a Case_Version"))
A29: Reserved, locked rows: CALC-SPEC 1.0 verification vectors (VEC-V01 ... VEC-V27), read by the Verification sheet. They use the same column formulas as your own rows.
A30: VEC-V01 | B30: 1 | G30: Yes | H30: CALC-SPEC 1.0 verification vector V01 (tto_calc_test_vectors_v1.0.json) | I30: Vector inputs as in the JSON file | J30: =IF(A30="","",A30&"|"&B30) -> VEC-V01|1 | K30: =IF(J30="",0,COUNTIF(nCASE_Key,J30)) -> 1 | L30: =IF(J30="","",IF(B30="","E_MISSING_INPUT",IF(K30>1,"E_DUPLICATE_ID",""))) | M30: =IF(L30="","",L30&": "&SUBSTITUTE(IFERROR(INDEX(nMSG_Text,MATCH(L30,nMSG_Code,0)),""),"[input]","a Case_Version"))
A31: VEC-V02 | B31: 1 | G31: Yes | H31: CALC-SPEC 1.0 verification vector V02 (tto_calc_test_vectors_v1.0.json) | I31: Vector inputs as in the JSON file | J31: =IF(A31="","",A31&"|"&B31) -> VEC-V02|1 | K31: =IF(J31="",0,COUNTIF(nCASE_Key,J31)) -> 1 | L31: =IF(J31="","",IF(B31="","E_MISSING_INPUT",IF(K31>1,"E_DUPLICATE_ID",""))) | M31: =IF(L31="","",L31&": "&SUBSTITUTE(IFERROR(INDEX(nMSG_Text,MATCH(L31,nMSG_Code,0)),""),"[input]","a Case_Version"))
A32: VEC-V03 | B32: 1 | G32: Yes | H32: CALC-SPEC 1.0 verification vector V03 (tto_calc_test_vectors_v1.0.json) | I32: Vector inputs as in the JSON file | J32: =IF(A32="","",A32&"|"&B32) -> VEC-V03|1 | K32: =IF(J32="",0,COUNTIF(nCASE_Key,J32)) -> 1 | L32: =IF(J32="","",IF(B32="","E_MISSING_INPUT",IF(K32>1,"E_DUPLICATE_ID",""))) | M32: =IF(L32="","",L32&": "&SUBSTITUTE(IFERROR(INDEX(nMSG_Text,MATCH(L32,nMSG_Code,0)),""),"[input]","a Case_Version"))
A33: VEC-V04 | B33: 1 | G33: Yes | H33: CALC-SPEC 1.0 verification vector V04 (tto_calc_test_vectors_v1.0.json) | I33: Vector inputs as in the JSON file | J33: =IF(A33="","",A33&"|"&B33) -> VEC-V04|1 | K33: =IF(J33="",0,COUNTIF(nCASE_Key,J33)) -> 1 | L33: =IF(J33="","",IF(B33="","E_MISSING_INPUT",IF(K33>1,"E_DUPLICATE_ID",""))) | M33: =IF(L33="","",L33&": "&SUBSTITUTE(IFERROR(INDEX(nMSG_Text,MATCH(L33,nMSG_Code,0)),""),"[input]","a Case_Version"))
A34: VEC-V05 | B34: 1 | G34: Yes | H34: CALC-SPEC 1.0 verification vector V05 (tto_calc_test_vectors_v1.0.json) | I34: Vector inputs as in the JSON file | J34: =IF(A34="","",A34&"|"&B34) -> VEC-V05|1 | K34: =IF(J34="",0,COUNTIF(nCASE_Key,J34)) -> 1 | L34: =IF(J34="","",IF(B34="","E_MISSING_INPUT",IF(K34>1,"E_DUPLICATE_ID",""))) | M34: =IF(L34="","",L34&": "&SUBSTITUTE(IFERROR(INDEX(nMSG_Text,MATCH(L34,nMSG_Code,0)),""),"[input]","a Case_Version"))
A35: VEC-V06 | B35: 1 | G35: Yes | H35: CALC-SPEC 1.0 verification vector V06 (tto_calc_test_vectors_v1.0.json) | I35: Vector inputs as in the JSON file | J35: =IF(A35="","",A35&"|"&B35) -> VEC-V06|1 | K35: =IF(J35="",0,COUNTIF(nCASE_Key,J35)) -> 1 | L35: =IF(J35="","",IF(B35="","E_MISSING_INPUT",IF(K35>1,"E_DUPLICATE_ID",""))) | M35: =IF(L35="","",L35&": "&SUBSTITUTE(IFERROR(INDEX(nMSG_Text,MATCH(L35,nMSG_Code,0)),""),"[input]","a Case_Version"))
A36: VEC-V07 | B36: 1 | G36: Yes | H36: CALC-SPEC 1.0 verification vector V07 (tto_calc_test_vectors_v1.0.json) | I36: Vector inputs as in the JSON file | J36: =IF(A36="","",A36&"|"&B36) -> VEC-V07|1 | K36: =IF(J36="",0,COUNTIF(nCASE_Key,J36)) -> 1 | L36: =IF(J36="","",IF(B36="","E_MISSING_INPUT",IF(K36>1,"E_DUPLICATE_ID",""))) | M36: =IF(L36="","",L36&": "&SUBSTITUTE(IFERROR(INDEX(nMSG_Text,MATCH(L36,nMSG_Code,0)),""),"[input]","a Case_Version"))
A37: VEC-V08 | B37: 1 | G37: Yes | H37: CALC-SPEC 1.0 verification vector V08 (tto_calc_test_vectors_v1.0.json) | I37: Vector inputs as in the JSON file | J37: =IF(A37="","",A37&"|"&B37) -> VEC-V08|1 | K37: =IF(J37="",0,COUNTIF(nCASE_Key,J37)) -> 1 | L37: =IF(J37="","",IF(B37="","E_MISSING_INPUT",IF(K37>1,"E_DUPLICATE_ID",""))) | M37: =IF(L37="","",L37&": "&SUBSTITUTE(IFERROR(INDEX(nMSG_Text,MATCH(L37,nMSG_Code,0)),""),"[input]","a Case_Version"))
A38: VEC-V09 | B38: 1 | G38: Yes | H38: CALC-SPEC 1.0 verification vector V09 (tto_calc_test_vectors_v1.0.json) | I38: Vector inputs as in the JSON file | J38: =IF(A38="","",A38&"|"&B38) -> VEC-V09|1 | K38: =IF(J38="",0,COUNTIF(nCASE_Key,J38)) -> 1 | L38: =IF(J38="","",IF(B38="","E_MISSING_INPUT",IF(K38>1,"E_DUPLICATE_ID",""))) | M38: =IF(L38="","",L38&": "&SUBSTITUTE(IFERROR(INDEX(nMSG_Text,MATCH(L38,nMSG_Code,0)),""),"[input]","a Case_Version"))
A39: VEC-V10 | B39: 1 | G39: Yes | H39: CALC-SPEC 1.0 verification vector V10 (tto_calc_test_vectors_v1.0.json) | I39: Vector inputs as in the JSON file | J39: =IF(A39="","",A39&"|"&B39) -> VEC-V10|1 | K39: =IF(J39="",0,COUNTIF(nCASE_Key,J39)) -> 1 | L39: =IF(J39="","",IF(B39="","E_MISSING_INPUT",IF(K39>1,"E_DUPLICATE_ID",""))) | M39: =IF(L39="","",L39&": "&SUBSTITUTE(IFERROR(INDEX(nMSG_Text,MATCH(L39,nMSG_Code,0)),""),"[input]","a Case_Version"))
A40: VEC-V11 | B40: 1 | G40: Yes | H40: CALC-SPEC 1.0 verification vector V11 (tto_calc_test_vectors_v1.0.json) | I40: Vector inputs as in the JSON file | J40: =IF(A40="","",A40&"|"&B40) -> VEC-V11|1 | K40: =IF(J40="",0,COUNTIF(nCASE_Key,J40)) -> 1 | L40: =IF(J40="","",IF(B40="","E_MISSING_INPUT",IF(K40>1,"E_DUPLICATE_ID",""))) | M40: =IF(L40="","",L40&": "&SUBSTITUTE(IFERROR(INDEX(nMSG_Text,MATCH(L40,nMSG_Code,0)),""),"[input]","a Case_Version"))
A41: VEC-V12 | B41: 1 | G41: Yes | H41: CALC-SPEC 1.0 verification vector V12 (tto_calc_test_vectors_v1.0.json) | I41: Vector inputs as in the JSON file | J41: =IF(A41="","",A41&"|"&B41) -> VEC-V12|1 | K41: =IF(J41="",0,COUNTIF(nCASE_Key,J41)) -> 1 | L41: =IF(J41="","",IF(B41="","E_MISSING_INPUT",IF(K41>1,"E_DUPLICATE_ID",""))) | M41: =IF(L41="","",L41&": "&SUBSTITUTE(IFERROR(INDEX(nMSG_Text,MATCH(L41,nMSG_Code,0)),""),"[input]","a Case_Version"))
... A56: VEC-V27 | B56: 1 | G56: Yes | H56: CALC-SPEC 1.0 verification vector V27 (tto_calc_test_vectors_v1.0.json) | I56: Vector inputs as in the JSON file | J56: =IF(A56="","",A56&"|"&B56) -> VEC-V27|1 | K56: =IF(J56="",0,COUNTIF(nCASE_Key,J56)) -> 1 | L56: =IF(J56="","",IF(B56="","E_MISSING_INPUT",IF(K56>1,"E_DUPLICATE_ID",""))) | M56: =IF(L56="","",L56&": "&SUBSTITUTE(IFERROR(INDEX(nMSG_Text,MATCH(L56,nMSG_Code,0)),""),"[input]","a Case_Version"))

Sheet Exposures
A1: Exposures: one row per exposure episode (Start, Stop and Restart are timepoints)
A2: Yellow cells are inputs; grey cells are locked formulas. Enter what the source says: original text, precision and bounds. Nothing is imputed (CALC-SPEC G2).
A3: INPUTS: one row per exposure episode | M3: Start (timepoint) | AD3: Stop (timepoint) | AU3: Restart (timepoint) | BL3: CHECKS
A4: Case_ID | B4: Case_Version | C4: Drug_ID | D4: Exposure_Episode_ID (timepoints: ID/START, ID/STOP, ID/RESTART) | E4: Product | F4: Role | G4: Route | H4: Dose (as reported) | I4: Dose unit | J4: Regimen (as reported) | K4: Missing-data reason (example codes) | L4: Notes | M4: Start: original text (as reported) | N4: Start: precision | O4: Start: date (TIMESTAMP, DATE) | P4: Start: local time hh:mm (TIMESTAMP only) | Q4: Start: UTC offset or unknown (TIMESTAMP) | R4: Start: year (MONTH, YEAR) | S4: Start: month 1-12 (MONTH) | T4: Start: earliest date (RANGE) | U4: Start: latest date (RANGE) | V4: Start: source (document, record) | W4: Start: check (E-code) | X4: Start: has time (1/0) | Y4: Start: offset known (1/0) | Z4: Start: lower bound (date) | AA4: Start: upper bound (date) | AB4: Start: local clock (minutes since 1900) | AC4: Start: UTC (minutes since 1900) | AD4: Stop: original text (as reported) | AE4: Stop: precision | AF4: Stop: date (TIMESTAMP, DATE) | AG4: Stop: local time hh:mm (TIMESTAMP only) | AH4: Stop: UTC offset or unknown (TIMESTAMP) | AI4: Stop: year (MONTH, YEAR) | AJ4: Stop: month 1-12 (MONTH) | AK4: Stop: earliest date (RANGE) | AL4: Stop: latest date (RANGE) | AM4: Stop: source (document, record) | AN4: Stop: check (E-code) | AO4: Stop: has time (1/0) | AP4: Stop: offset known (1/0) | AQ4: Stop: lower bound (date) | AR4: Stop: upper bound (date) | AS4: Stop: local clock (minutes since 1900) | AT4: Stop: UTC (minutes since 1900) | AU4: Restart: original text (as reported) | AV4: Restart: precision | AW4: Restart: date (TIMESTAMP, DATE) | AX4: Restart: local time hh:mm (TIMESTAMP only) | AY4: Restart: UTC offset or unknown (TIMESTAMP) | AZ4: Restart: year (MONTH, YEAR) | BA4: Restart: month 1-12 (MONTH) | BB4: Restart: earliest date (RANGE) | BC4: Restart: latest date (RANGE) | BD4: Restart: source (document, record) | BE4: Restart: check (E-code) | BF4: Restart: has time (1/0) | BG4: Restart: offset known (1/0) | BH4: Restart: lower bound (date) | BI4: Restart: upper bound (date) | BJ4: Restart: local clock (minutes since 1900) | BK4: Restart: UTC (minutes since 1900) | BL4: Exposure key | BM4: Key count | BN4: Record check (E-code) | BO4: Check message
W5: =IF(COUNTA(N5:U5)=0,"",IF(N5="","E_MISSING_INPUT",IF(N5="TIMESTAMP",IF(OR(O5="",P5="",Q5=""),"E_MISSING_INPUT",IF(OR(NOT(ISNUMBER(O5)),NOT(ISNUMBER(P5))),"E_INVALID_DATE",IF(OR(O5<>INT(O5),P5<0,P5>=1),"E_INVALID_DATE",IF(ISNA(MATCH(Q5,nLIST_Offset,0)),"E_INVALID_UNIT","")))),IF(N5="DATE",IF(O5="","E_MISSING_INPUT",IF(NOT(ISNUMBER(O5)),"E_INVALID_DATE",IF(O5<>INT(O5),"E_INVALID_DATE",""))),IF(N5="MONTH",IF(OR(R5="",S5=""),"E_MISSING_INPUT",IF(OR(NOT(ISNUMBER(R5)),NOT(ISNUMBER(S5))),"E_INVALID_DATE",IF(OR(R5<1900,R5>9999,R5<>INT(R5),S5<1,S5>12,S5<>INT(S5)),"E_INVALID_DATE",""))),IF(N5="YEAR",IF(R5="","E_MISSING_INPUT",IF(NOT(ISNUMBER(R5)),"E_INVALID_DATE",IF(OR(R5<1900,R5>9999,R5<>INT(R5)),"E_INVALID_DATE",""))),IF(N5="RANGE",IF(OR(T5="",U5=""),"E_MISSING_INPUT",IF(OR(NOT(ISNUMBER(T5)),NOT(ISNUMBER(U5))),"E_INVALID_DATE",IF(OR(T5<>INT(T5),U5<>INT(U5)),"E_INVALID_DATE",IF(T5>U5,"E_REVERSED_BOUNDS","")))),"E_INVALID_UNIT"))))))) | X5: =IF(AND(W5="",N5="TIMESTAMP"),1,0) -> 0 | Y5: =IF(AND(X5=1,Q5<>"unknown"),1,0) -> 0 | Z5: =IF(OR(W5<>"",N5=""),"",IF(OR(N5="TIMESTAMP",N5="DATE"),O5,IF(N5="MONTH",DATE(R5,S5,1),IF(N5="YEAR",DATE(R5,1,1),T5)))) | AA5: =IF(OR(W5<>"",N5=""),"",IF(OR(N5="TIMESTAMP",N5="DATE"),O5,IF(N5="MONTH",EOMONTH(DATE(R5,S5,1),0),IF(N5="YEAR",DATE(R5,12,31),U5)))) | AB5: =IF(X5=1,O5*1440+ROUND(P5*1440,0),"") | AC5: =IF(Y5=1,AB5-(IF(LEFT(Q5,1)="-",-1,1)*(VALUE(MID(Q5,2,2))*60+VALUE(MID(Q5,5,2)))),"") | AN5: =IF(COUNTA(AE5:AL5)=0,"",IF(AE5="","E_MISSING_INPUT",IF(AE5="TIMESTAMP",IF(OR(AF5="",AG5="",AH5=""),"E_MISSING_INPUT",IF(OR(NOT(ISNUMBER(AF5)),NOT(ISNUMBER(AG5))),"E_INVALID_DATE",IF(OR(AF5<>INT(AF5),AG5<0,AG5>=1),"E_INVALID_DATE",IF(ISNA(MATCH(AH5,nLIST_Offset,0)),"E_INVALID_UNIT","")))),IF(AE5="DATE",IF(AF5="","E_MISSING_INPUT",IF(NOT(ISNUMBER(AF5)),"E_INVALID_DATE",IF(AF5<>INT(AF5),"E_INVALID_DATE",""))),IF(AE5="MONTH",IF(OR(AI5="",AJ5=""),"E_MISSING_INPUT",IF(OR(NOT(ISNUMBER(AI5)),NOT(ISNUMBER(AJ5))),"E_INVALID_DATE",IF(OR(AI5<1900,AI5>9999,AI5<>INT(AI5),AJ5<1,AJ5>12,AJ5<>INT(AJ5)),"E_INVALID_DATE",""))),IF(AE5="YEAR",IF(AI5="","E_MISSING_INPUT",IF(NOT(ISNUMBER(AI5)),"E_INVALID_DATE",IF(OR(AI5<1900,AI5>9999,AI5<>INT(AI5)),"E_INVALID_DATE",""))),IF(AE5="RANGE",IF(OR(AK5="",AL5=""),"E_MISSING_INPUT",IF(OR(NOT(ISNUMBER(AK5)),NOT(ISNUMBER(AL5))),"E_INVALID_DATE",IF(OR(AK5<>INT(AK5),AL5<>INT(AL5)),"E_INVALID_DATE",IF(AK5>AL5,"E_REVERSED_BOUNDS","")))),"E_INVALID_UNIT"))))))) | AO5: =IF(AND(AN5="",AE5="TIMESTAMP"),1,0) -> 0 | AP5: =IF(AND(AO5=1,AH5<>"unknown"),1,0) -> 0 | AQ5: =IF(OR(AN5<>"",AE5=""),"",IF(OR(AE5="TIMESTAMP",AE5="DATE"),AF5,IF(AE5="MONTH",DATE(AI5,AJ5,1),IF(AE5="YEAR",DATE(AI5,1,1),AK5)))) | AR5: =IF(OR(AN5<>"",AE5=""),"",IF(OR(AE5="TIMESTAMP",AE5="DATE"),AF5,IF(AE5="MONTH",EOMONTH(DATE(AI5,AJ5,1),0),IF(AE5="YEAR",DATE(AI5,12,31),AL5)))) | AS5: =IF(AO5=1,AF5*1440+ROUND(AG5*1440,0),"") | AT5: =IF(AP5=1,AS5-(IF(LEFT(AH5,1)="-",-1,1)*(VALUE(MID(AH5,2,2))*60+VALUE(MID(AH5,5,2)))),"") | BE5: =IF(COUNTA(AV5:BC5)=0,"",IF(AV5="","E_MISSING_INPUT",IF(AV5="TIMESTAMP",IF(OR(AW5="",AX5="",AY5=""),"E_MISSING_INPUT",IF(OR(NOT(ISNUMBER(AW5)),NOT(ISNUMBER(AX5))),"E_INVALID_DATE",IF(OR(AW5<>INT(AW5),AX5<0,AX5>=1),"E_INVALID_DATE",IF(ISNA(MATCH(AY5,nLIST_Offset,0)),"E_INVALID_UNIT","")))),IF(AV5="DATE",IF(AW5="","E_MISSING_INPUT",IF(NOT(ISNUMBER(AW5)),"E_INVALID_DATE",IF(AW5<>INT(AW5),"E_INVALID_DATE",""))),IF(AV5="MONTH",IF(OR(AZ5="",BA5=""),"E_MISSING_INPUT",IF(OR(NOT(ISNUMBER(AZ5)),NOT(ISNUMBER(BA5))),"E_INVALID_DATE",IF(OR(AZ5<1900,AZ5>9999,AZ5<>INT(AZ5),BA5<1,BA5>12,BA5<>INT(BA5)),"E_INVALID_DATE",""))),IF(AV5="YEAR",IF(AZ5="","E_MISSING_INPUT",IF(NOT(ISNUMBER(AZ5)),"E_INVALID_DATE",IF(OR(AZ5<1900,AZ5>9999,AZ5<>INT(AZ5)),"E_INVALID_DATE",""))),IF(AV5="RANGE",IF(OR(BB5="",BC5=""),"E_MISSING_INPUT",IF(OR(NOT(ISNUMBER(BB5)),NOT(ISNUMBER(BC5))),"E_INVALID_DATE",IF(OR(BB5<>INT(BB5),BC5<>INT(BC5)),"E_INVALID_DATE",IF(BB5>BC5,"E_REVERSED_BOUNDS","")))),"E_INVALID_UNIT"))))))) | BF5: =IF(AND(BE5="",AV5="TIMESTAMP"),1,0) -> 0 | BG5: =IF(AND(BF5=1,AY5<>"unknown"),1,0) -> 0 | BH5: =IF(OR(BE5<>"",AV5=""),"",IF(OR(AV5="TIMESTAMP",AV5="DATE"),AW5,IF(AV5="MONTH",DATE(AZ5,BA5,1),IF(AV5="YEAR",DATE(AZ5,1,1),BB5)))) | BI5: =IF(OR(BE5<>"",AV5=""),"",IF(OR(AV5="TIMESTAMP",AV5="DATE"),AW5,IF(AV5="MONTH",EOMONTH(DATE(AZ5,BA5,1),0),IF(AV5="YEAR",DATE(AZ5,12,31),BC5)))) | BJ5: =IF(BF5=1,AW5*1440+ROUND(AX5*1440,0),"") | BK5: =IF(BG5=1,BJ5-(IF(LEFT(AY5,1)="-",-1,1)*(VALUE(MID(AY5,2,2))*60+VALUE(MID(AY5,5,2)))),"") | BL5: =IF(D5="","",A5&"|"&B5&"|"&D5) | BM5: =IF(BL5="",0,COUNTIF(nEXP_Key,BL5)) -> 0 | BN5: =IF(D5="",IF(COUNTA(C5,E5,N5,O5)>0,"E_MISSING_INPUT",""),IF(BM5>1,"E_DUPLICATE_ID",IF(W5<>"",W5,IF(AN5<>"",AN5,BE5)))) | BO5: =IF(BN5="","",BN5&": "&SUBSTITUTE(IFERROR(INDEX(nMSG_Text,MATCH(BN5,nMSG_Code,0)),""),"[input]",IF(D5="","an Exposure_Episode_ID","the date fields required by the selected precision")))
W6: =IF(COUNTA(N6:U6)=0,"",IF(N6="","E_MISSING_INPUT",IF(N6="TIMESTAMP",IF(OR(O6="",P6="",Q6=""),"E_MISSING_INPUT",IF(OR(NOT(ISNUMBER(O6)),NOT(ISNUMBER(P6))),"E_INVALID_DATE",IF(OR(O6<>INT(O6),P6<0,P6>=1),"E_INVALID_DATE",IF(ISNA(MATCH(Q6,nLIST_Offset,0)),"E_INVALID_UNIT","")))),IF(N6="DATE",IF(O6="","E_MISSING_INPUT",IF(NOT(ISNUMBER(O6)),"E_INVALID_DATE",IF(O6<>INT(O6),"E_INVALID_DATE",""))),IF(N6="MONTH",IF(OR(R6="",S6=""),"E_MISSING_INPUT",IF(OR(NOT(ISNUMBER(R6)),NOT(ISNUMBER(S6))),"E_INVALID_DATE",IF(OR(R6<1900,R6>9999,R6<>INT(R6),S6<1,S6>12,S6<>INT(S6)),"E_INVALID_DATE",""))),IF(N6="YEAR",IF(R6="","E_MISSING_INPUT",IF(NOT(ISNUMBER(R6)),"E_INVALID_DATE",IF(OR(R6<1900,R6>9999,R6<>INT(R6)),"E_INVALID_DATE",""))),IF(N6="RANGE",IF(OR(T6="",U6=""),"E_MISSING_INPUT",IF(OR(NOT(ISNUMBER(T6)),NOT(ISNUMBER(U6))),"E_INVALID_DATE",IF(OR(T6<>INT(T6),U6<>INT(U6)),"E_INVALID_DATE",IF(T6>U6,"E_REVERSED_BOUNDS","")))),"E_INVALID_UNIT"))))))) | X6: =IF(AND(W6="",N6="TIMESTAMP"),1,0) -> 0 | Y6: =IF(AND(X6=1,Q6<>"unknown"),1,0) -> 0 | Z6: =IF(OR(W6<>"",N6=""),"",IF(OR(N6="TIMESTAMP",N6="DATE"),O6,IF(N6="MONTH",DATE(R6,S6,1),IF(N6="YEAR",DATE(R6,1,1),T6)))) | AA6: =IF(OR(W6<>"",N6=""),"",IF(OR(N6="TIMESTAMP",N6="DATE"),O6,IF(N6="MONTH",EOMONTH(DATE(R6,S6,1),0),IF(N6="YEAR",DATE(R6,12,31),U6)))) | AB6: =IF(X6=1,O6*1440+ROUND(P6*1440,0),"") | AC6: =IF(Y6=1,AB6-(IF(LEFT(Q6,1)="-",-1,1)*(VALUE(MID(Q6,2,2))*60+VALUE(MID(Q6,5,2)))),"") | AN6: =IF(COUNTA(AE6:AL6)=0,"",IF(AE6="","E_MISSING_INPUT",IF(AE6="TIMESTAMP",IF(OR(AF6="",AG6="",AH6=""),"E_MISSING_INPUT",IF(OR(NOT(ISNUMBER(AF6)),NOT(ISNUMBER(AG6))),"E_INVALID_DATE",IF(OR(AF6<>INT(AF6),AG6<0,AG6>=1),"E_INVALID_DATE",IF(ISNA(MATCH(AH6,nLIST_Offset,0)),"E_INVALID_UNIT","")))),IF(AE6="DATE",IF(AF6="","E_MISSING_INPUT",IF(NOT(ISNUMBER(AF6)),"E_INVALID_DATE",IF(AF6<>INT(AF6),"E_INVALID_DATE",""))),IF(AE6="MONTH",IF(OR(AI6="",AJ6=""),"E_MISSING_INPUT",IF(OR(NOT(ISNUMBER(AI6)),NOT(ISNUMBER(AJ6))),"E_INVALID_DATE",IF(OR(AI6<1900,AI6>9999,AI6<>INT(AI6),AJ6<1,AJ6>12,AJ6<>INT(AJ6)),"E_INVALID_DATE",""))),IF(AE6="YEAR",IF(AI6="","E_MISSING_INPUT",IF(NOT(ISNUMBER(AI6)),"E_INVALID_DATE",IF(OR(AI6<1900,AI6>9999,AI6<>INT(AI6)),"E_INVALID_DATE",""))),IF(AE6="RANGE",IF(OR(AK6="",AL6=""),"E_MISSING_INPUT",IF(OR(NOT(ISNUMBER(AK6)),NOT(ISNUMBER(AL6))),"E_INVALID_DATE",IF(OR(AK6<>INT(AK6),AL6<>INT(AL6)),"E_INVALID_DATE",IF(AK6>AL6,"E_REVERSED_BOUNDS","")))),"E_INVALID_UNIT"))))))) | AO6: =IF(AND(AN6="",AE6="TIMESTAMP"),1,0) -> 0 | AP6: =IF(AND(AO6=1,AH6<>"unknown"),1,0) -> 0 | AQ6: =IF(OR(AN6<>"",AE6=""),"",IF(OR(AE6="TIMESTAMP",AE6="DATE"),AF6,IF(AE6="MONTH",DATE(AI6,AJ6,1),IF(AE6="YEAR",DATE(AI6,1,1),AK6)))) | AR6: =IF(OR(AN6<>"",AE6=""),"",IF(OR(AE6="TIMESTAMP",AE6="DATE"),AF6,IF(AE6="MONTH",EOMONTH(DATE(AI6,AJ6,1),0),IF(AE6="YEAR",DATE(AI6,12,31),AL6)))) | AS6: =IF(AO6=1,AF6*1440+ROUND(AG6*1440,0),"") | AT6: =IF(AP6=1,AS6-(IF(LEFT(AH6,1)="-",-1,1)*(VALUE(MID(AH6,2,2))*60+VALUE(MID(AH6,5,2)))),"") | BE6: =IF(COUNTA(AV6:BC6)=0,"",IF(AV6="","E_MISSING_INPUT",IF(AV6="TIMESTAMP",IF(OR(AW6="",AX6="",AY6=""),"E_MISSING_INPUT",IF(OR(NOT(ISNUMBER(AW6)),NOT(ISNUMBER(AX6))),"E_INVALID_DATE",IF(OR(AW6<>INT(AW6),AX6<0,AX6>=1),"E_INVALID_DATE",IF(ISNA(MATCH(AY6,nLIST_Offset,0)),"E_INVALID_UNIT","")))),IF(AV6="DATE",IF(AW6="","E_MISSING_INPUT",IF(NOT(ISNUMBER(AW6)),"E_INVALID_DATE",IF(AW6<>INT(AW6),"E_INVALID_DATE",""))),IF(AV6="MONTH",IF(OR(AZ6="",BA6=""),"E_MISSING_INPUT",IF(OR(NOT(ISNUMBER(AZ6)),NOT(ISNUMBER(BA6))),"E_INVALID_DATE",IF(OR(AZ6<1900,AZ6>9999,AZ6<>INT(AZ6),BA6<1,BA6>12,BA6<>INT(BA6)),"E_INVALID_DATE",""))),IF(AV6="YEAR",IF(AZ6="","E_MISSING_INPUT",IF(NOT(ISNUMBER(AZ6)),"E_INVALID_DATE",IF(OR(AZ6<1900,AZ6>9999,AZ6<>INT(AZ6)),"E_INVALID_DATE",""))),IF(AV6="RANGE",IF(OR(BB6="",BC6=""),"E_MISSING_INPUT",IF(OR(NOT(ISNUMBER(BB6)),NOT(ISNUMBER(BC6))),"E_INVALID_DATE",IF(OR(BB6<>INT(BB6),BC6<>INT(BC6)),"E_INVALID_DATE",IF(BB6>BC6,"E_REVERSED_BOUNDS","")))),"E_INVALID_UNIT"))))))) | BF6: =IF(AND(BE6="",AV6="TIMESTAMP"),1,0) -> 0 | BG6: =IF(AND(BF6=1,AY6<>"unknown"),1,0) -> 0 | BH6: =IF(OR(BE6<>"",AV6=""),"",IF(OR(AV6="TIMESTAMP",AV6="DATE"),AW6,IF(AV6="MONTH",DATE(AZ6,BA6,1),IF(AV6="YEAR",DATE(AZ6,1,1),BB6)))) | BI6: =IF(OR(BE6<>"",AV6=""),"",IF(OR(AV6="TIMESTAMP",AV6="DATE"),AW6,IF(AV6="MONTH",EOMONTH(DATE(AZ6,BA6,1),0),IF(AV6="YEAR",DATE(AZ6,12,31),BC6)))) | BJ6: =IF(BF6=1,AW6*1440+ROUND(AX6*1440,0),"") | BK6: =IF(BG6=1,BJ6-(IF(LEFT(AY6,1)="-",-1,1)*(VALUE(MID(AY6,2,2))*60+VALUE(MID(AY6,5,2)))),"") | BL6: =IF(D6="","",A6&"|"&B6&"|"&D6) | BM6: =IF(BL6="",0,COUNTIF(nEXP_Key,BL6)) -> 0 | BN6: =IF(D6="",IF(COUNTA(C6,E6,N6,O6)>0,"E_MISSING_INPUT",""),IF(BM6>1,"E_DUPLICATE_ID",IF(W6<>"",W6,IF(AN6<>"",AN6,BE6)))) | BO6: =IF(BN6="","",BN6&": "&SUBSTITUTE(IFERROR(INDEX(nMSG_Text,MATCH(BN6,nMSG_Code,0)),""),"[input]",IF(D6="","an Exposure_Episode_ID","the date fields required by the selected precision")))
W7: =IF(COUNTA(N7:U7)=0,"",IF(N7="","E_MISSING_INPUT",IF(N7="TIMESTAMP",IF(OR(O7="",P7="",Q7=""),"E_MISSING_INPUT",IF(OR(NOT(ISNUMBER(O7)),NOT(ISNUMBER(P7))),"E_INVALID_DATE",IF(OR(O7<>INT(O7),P7<0,P7>=1),"E_INVALID_DATE",IF(ISNA(MATCH(Q7,nLIST_Offset,0)),"E_INVALID_UNIT","")))),IF(N7="DATE",IF(O7="","E_MISSING_INPUT",IF(NOT(ISNUMBER(O7)),"E_INVALID_DATE",IF(O7<>INT(O7),"E_INVALID_DATE",""))),IF(N7="MONTH",IF(OR(R7="",S7=""),"E_MISSING_INPUT",IF(OR(NOT(ISNUMBER(R7)),NOT(ISNUMBER(S7))),"E_INVALID_DATE",IF(OR(R7<1900,R7>9999,R7<>INT(R7),S7<1,S7>12,S7<>INT(S7)),"E_INVALID_DATE",""))),IF(N7="YEAR",IF(R7="","E_MISSING_INPUT",IF(NOT(ISNUMBER(R7)),"E_INVALID_DATE",IF(OR(R7<1900,R7>9999,R7<>INT(R7)),"E_INVALID_DATE",""))),IF(N7="RANGE",IF(OR(T7="",U7=""),"E_MISSING_INPUT",IF(OR(NOT(ISNUMBER(T7)),NOT(ISNUMBER(U7))),"E_INVALID_DATE",IF(OR(T7<>INT(T7),U7<>INT(U7)),"E_INVALID_DATE",IF(T7>U7,"E_REVERSED_BOUNDS","")))),"E_INVALID_UNIT"))))))) | X7: =IF(AND(W7="",N7="TIMESTAMP"),1,0) -> 0 | Y7: =IF(AND(X7=1,Q7<>"unknown"),1,0) -> 0 | Z7: =IF(OR(W7<>"",N7=""),"",IF(OR(N7="TIMESTAMP",N7="DATE"),O7,IF(N7="MONTH",DATE(R7,S7,1),IF(N7="YEAR",DATE(R7,1,1),T7)))) | AA7: =IF(OR(W7<>"",N7=""),"",IF(OR(N7="TIMESTAMP",N7="DATE"),O7,IF(N7="MONTH",EOMONTH(DATE(R7,S7,1),0),IF(N7="YEAR",DATE(R7,12,31),U7)))) | AB7: =IF(X7=1,O7*1440+ROUND(P7*1440,0),"") | AC7: =IF(Y7=1,AB7-(IF(LEFT(Q7,1)="-",-1,1)*(VALUE(MID(Q7,2,2))*60+VALUE(MID(Q7,5,2)))),"") | AN7: =IF(COUNTA(AE7:AL7)=0,"",IF(AE7="","E_MISSING_INPUT",IF(AE7="TIMESTAMP",IF(OR(AF7="",AG7="",AH7=""),"E_MISSING_INPUT",IF(OR(NOT(ISNUMBER(AF7)),NOT(ISNUMBER(AG7))),"E_INVALID_DATE",IF(OR(AF7<>INT(AF7),AG7<0,AG7>=1),"E_INVALID_DATE",IF(ISNA(MATCH(AH7,nLIST_Offset,0)),"E_INVALID_UNIT","")))),IF(AE7="DATE",IF(AF7="","E_MISSING_INPUT",IF(NOT(ISNUMBER(AF7)),"E_INVALID_DATE",IF(AF7<>INT(AF7),"E_INVALID_DATE",""))),IF(AE7="MONTH",IF(OR(AI7="",AJ7=""),"E_MISSING_INPUT",IF(OR(NOT(ISNUMBER(AI7)),NOT(ISNUMBER(AJ7))),"E_INVALID_DATE",IF(OR(AI7<1900,AI7>9999,AI7<>INT(AI7),AJ7<1,AJ7>12,AJ7<>INT(AJ7)),"E_INVALID_DATE",""))),IF(AE7="YEAR",IF(AI7="","E_MISSING_INPUT",IF(NOT(ISNUMBER(AI7)),"E_INVALID_DATE",IF(OR(AI7<1900,AI7>9999,AI7<>INT(AI7)),"E_INVALID_DATE",""))),IF(AE7="RANGE",IF(OR(AK7="",AL7=""),"E_MISSING_INPUT",IF(OR(NOT(ISNUMBER(AK7)),NOT(ISNUMBER(AL7))),"E_INVALID_DATE",IF(OR(AK7<>INT(AK7),AL7<>INT(AL7)),"E_INVALID_DATE",IF(AK7>AL7,"E_REVERSED_BOUNDS","")))),"E_INVALID_UNIT"))))))) | AO7: =IF(AND(AN7="",AE7="TIMESTAMP"),1,0) -> 0 | AP7: =IF(AND(AO7=1,AH7<>"unknown"),1,0) -> 0 | AQ7: =IF(OR(AN7<>"",AE7=""),"",IF(OR(AE7="TIMESTAMP",AE7="DATE"),AF7,IF(AE7="MONTH",DATE(AI7,AJ7,1),IF(AE7="YEAR",DATE(AI7,1,1),AK7)))) | AR7: =IF(OR(AN7<>"",AE7=""),"",IF(OR(AE7="TIMESTAMP",AE7="DATE"),AF7,IF(AE7="MONTH",EOMONTH(DATE(AI7,AJ7,1),0),IF(AE7="YEAR",DATE(AI7,12,31),AL7)))) | AS7: =IF(AO7=1,AF7*1440+ROUND(AG7*1440,0),"") | AT7: =IF(AP7=1,AS7-(IF(LEFT(AH7,1)="-",-1,1)*(VALUE(MID(AH7,2,2))*60+VALUE(MID(AH7,5,2)))),"") | BE7: =IF(COUNTA(AV7:BC7)=0,"",IF(AV7="","E_MISSING_INPUT",IF(AV7="TIMESTAMP",IF(OR(AW7="",AX7="",AY7=""),"E_MISSING_INPUT",IF(OR(NOT(ISNUMBER(AW7)),NOT(ISNUMBER(AX7))),"E_INVALID_DATE",IF(OR(AW7<>INT(AW7),AX7<0,AX7>=1),"E_INVALID_DATE",IF(ISNA(MATCH(AY7,nLIST_Offset,0)),"E_INVALID_UNIT","")))),IF(AV7="DATE",IF(AW7="","E_MISSING_INPUT",IF(NOT(ISNUMBER(AW7)),"E_INVALID_DATE",IF(AW7<>INT(AW7),"E_INVALID_DATE",""))),IF(AV7="MONTH",IF(OR(AZ7="",BA7=""),"E_MISSING_INPUT",IF(OR(NOT(ISNUMBER(AZ7)),NOT(ISNUMBER(BA7))),"E_INVALID_DATE",IF(OR(AZ7<1900,AZ7>9999,AZ7<>INT(AZ7),BA7<1,BA7>12,BA7<>INT(BA7)),"E_INVALID_DATE",""))),IF(AV7="YEAR",IF(AZ7="","E_MISSING_INPUT",IF(NOT(ISNUMBER(AZ7)),"E_INVALID_DATE",IF(OR(AZ7<1900,AZ7>9999,AZ7<>INT(AZ7)),"E_INVALID_DATE",""))),IF(AV7="RANGE",IF(OR(BB7="",BC7=""),"E_MISSING_INPUT",IF(OR(NOT(ISNUMBER(BB7)),NOT(ISNUMBER(BC7))),"E_INVALID_DATE",IF(OR(BB7<>INT(BB7),BC7<>INT(BC7)),"E_INVALID_DATE",IF(BB7>BC7,"E_REVERSED_BOUNDS","")))),"E_INVALID_UNIT"))))))) | BF7: =IF(AND(BE7="",AV7="TIMESTAMP"),1,0) -> 0 | BG7: =IF(AND(BF7=1,AY7<>"unknown"),1,0) -> 0 | BH7: =IF(OR(BE7<>"",AV7=""),"",IF(OR(AV7="TIMESTAMP",AV7="DATE"),AW7,IF(AV7="MONTH",DATE(AZ7,BA7,1),IF(AV7="YEAR",DATE(AZ7,1,1),BB7)))) | BI7: =IF(OR(BE7<>"",AV7=""),"",IF(OR(AV7="TIMESTAMP",AV7="DATE"),AW7,IF(AV7="MONTH",EOMONTH(DATE(AZ7,BA7,1),0),IF(AV7="YEAR",DATE(AZ7,12,31),BC7)))) | BJ7: =IF(BF7=1,AW7*1440+ROUND(AX7*1440,0),"") | BK7: =IF(BG7=1,BJ7-(IF(LEFT(AY7,1)="-",-1,1)*(VALUE(MID(AY7,2,2))*60+VALUE(MID(AY7,5,2)))),"") | BL7: =IF(D7="","",A7&"|"&B7&"|"&D7) | BM7: =IF(BL7="",0,COUNTIF(nEXP_Key,BL7)) -> 0 | BN7: =IF(D7="",IF(COUNTA(C7,E7,N7,O7)>0,"E_MISSING_INPUT",""),IF(BM7>1,"E_DUPLICATE_ID",IF(W7<>"",W7,IF(AN7<>"",AN7,BE7)))) | BO7: =IF(BN7="","",BN7&": "&SUBSTITUTE(IFERROR(INDEX(nMSG_Text,MATCH(BN7,nMSG_Code,0)),""),"[input]",IF(D7="","an Exposure_Episode_ID","the date fields required by the selected precision")))
W8: =IF(COUNTA(N8:U8)=0,"",IF(N8="","E_MISSING_INPUT",IF(N8="TIMESTAMP",IF(OR(O8="",P8="",Q8=""),"E_MISSING_INPUT",IF(OR(NOT(ISNUMBER(O8)),NOT(ISNUMBER(P8))),"E_INVALID_DATE",IF(OR(O8<>INT(O8),P8<0,P8>=1),"E_INVALID_DATE",IF(ISNA(MATCH(Q8,nLIST_Offset,0)),"E_INVALID_UNIT","")))),IF(N8="DATE",IF(O8="","E_MISSING_INPUT",IF(NOT(ISNUMBER(O8)),"E_INVALID_DATE",IF(O8<>INT(O8),"E_INVALID_DATE",""))),IF(N8="MONTH",IF(OR(R8="",S8=""),"E_MISSING_INPUT",IF(OR(NOT(ISNUMBER(R8)),NOT(ISNUMBER(S8))),"E_INVALID_DATE",IF(OR(R8<1900,R8>9999,R8<>INT(R8),S8<1,S8>12,S8<>INT(S8)),"E_INVALID_DATE",""))),IF(N8="YEAR",IF(R8="","E_MISSING_INPUT",IF(NOT(ISNUMBER(R8)),"E_INVALID_DATE",IF(OR(R8<1900,R8>9999,R8<>INT(R8)),"E_INVALID_DATE",""))),IF(N8="RANGE",IF(OR(T8="",U8=""),"E_MISSING_INPUT",IF(OR(NOT(ISNUMBER(T8)),NOT(ISNUMBER(U8))),"E_INVALID_DATE",IF(OR(T8<>INT(T8),U8<>INT(U8)),"E_INVALID_DATE",IF(T8>U8,"E_REVERSED_BOUNDS","")))),"E_INVALID_UNIT"))))))) | X8: =IF(AND(W8="",N8="TIMESTAMP"),1,0) -> 0 | Y8: =IF(AND(X8=1,Q8<>"unknown"),1,0) -> 0 | Z8: =IF(OR(W8<>"",N8=""),"",IF(OR(N8="TIMESTAMP",N8="DATE"),O8,IF(N8="MONTH",DATE(R8,S8,1),IF(N8="YEAR",DATE(R8,1,1),T8)))) | AA8: =IF(OR(W8<>"",N8=""),"",IF(OR(N8="TIMESTAMP",N8="DATE"),O8,IF(N8="MONTH",EOMONTH(DATE(R8,S8,1),0),IF(N8="YEAR",DATE(R8,12,31),U8)))) | AB8: =IF(X8=1,O8*1440+ROUND(P8*1440,0),"") | AC8: =IF(Y8=1,AB8-(IF(LEFT(Q8,1)="-",-1,1)*(VALUE(MID(Q8,2,2))*60+VALUE(MID(Q8,5,2)))),"") | AN8: =IF(COUNTA(AE8:AL8)=0,"",IF(AE8="","E_MISSING_INPUT",IF(AE8="TIMESTAMP",IF(OR(AF8="",AG8="",AH8=""),"E_MISSING_INPUT",IF(OR(NOT(ISNUMBER(AF8)),NOT(ISNUMBER(AG8))),"E_INVALID_DATE",IF(OR(AF8<>INT(AF8),AG8<0,AG8>=1),"E_INVALID_DATE",IF(ISNA(MATCH(AH8,nLIST_Offset,0)),"E_INVALID_UNIT","")))),IF(AE8="DATE",IF(AF8="","E_MISSING_INPUT",IF(NOT(ISNUMBER(AF8)),"E_INVALID_DATE",IF(AF8<>INT(AF8),"E_INVALID_DATE",""))),IF(AE8="MONTH",IF(OR(AI8="",AJ8=""),"E_MISSING_INPUT",IF(OR(NOT(ISNUMBER(AI8)),NOT(ISNUMBER(AJ8))),"E_INVALID_DATE",IF(OR(AI8<1900,AI8>9999,AI8<>INT(AI8),AJ8<1,AJ8>12,AJ8<>INT(AJ8)),"E_INVALID_DATE",""))),IF(AE8="YEAR",IF(AI8="","E_MISSING_INPUT",IF(NOT(ISNUMBER(AI8)),"E_INVALID_DATE",IF(OR(AI8<1900,AI8>9999,AI8<>INT(AI8)),"E_INVALID_DATE",""))),IF(AE8="RANGE",IF(OR(AK8="",AL8=""),"E_MISSING_INPUT",IF(OR(NOT(ISNUMBER(AK8)),NOT(ISNUMBER(AL8))),"E_INVALID_DATE",IF(OR(AK8<>INT(AK8),AL8<>INT(AL8)),"E_INVALID_DATE",IF(AK8>AL8,"E_REVERSED_BOUNDS","")))),"E_INVALID_UNIT"))))))) | AO8: =IF(AND(AN8="",AE8="TIMESTAMP"),1,0) -> 0 | AP8: =IF(AND(AO8=1,AH8<>"unknown"),1,0) -> 0 | AQ8: =IF(OR(AN8<>"",AE8=""),"",IF(OR(AE8="TIMESTAMP",AE8="DATE"),AF8,IF(AE8="MONTH",DATE(AI8,AJ8,1),IF(AE8="YEAR",DATE(AI8,1,1),AK8)))) | AR8: =IF(OR(AN8<>"",AE8=""),"",IF(OR(AE8="TIMESTAMP",AE8="DATE"),AF8,IF(AE8="MONTH",EOMONTH(DATE(AI8,AJ8,1),0),IF(AE8="YEAR",DATE(AI8,12,31),AL8)))) | AS8: =IF(AO8=1,AF8*1440+ROUND(AG8*1440,0),"") | AT8: =IF(AP8=1,AS8-(IF(LEFT(AH8,1)="-",-1,1)*(VALUE(MID(AH8,2,2))*60+VALUE(MID(AH8,5,2)))),"") | BE8: =IF(COUNTA(AV8:BC8)=0,"",IF(AV8="","E_MISSING_INPUT",IF(AV8="TIMESTAMP",IF(OR(AW8="",AX8="",AY8=""),"E_MISSING_INPUT",IF(OR(NOT(ISNUMBER(AW8)),NOT(ISNUMBER(AX8))),"E_INVALID_DATE",IF(OR(AW8<>INT(AW8),AX8<0,AX8>=1),"E_INVALID_DATE",IF(ISNA(MATCH(AY8,nLIST_Offset,0)),"E_INVALID_UNIT","")))),IF(AV8="DATE",IF(AW8="","E_MISSING_INPUT",IF(NOT(ISNUMBER(AW8)),"E_INVALID_DATE",IF(AW8<>INT(AW8),"E_INVALID_DATE",""))),IF(AV8="MONTH",IF(OR(AZ8="",BA8=""),"E_MISSING_INPUT",IF(OR(NOT(ISNUMBER(AZ8)),NOT(ISNUMBER(BA8))),"E_INVALID_DATE",IF(OR(AZ8<1900,AZ8>9999,AZ8<>INT(AZ8),BA8<1,BA8>12,BA8<>INT(BA8)),"E_INVALID_DATE",""))),IF(AV8="YEAR",IF(AZ8="","E_MISSING_INPUT",IF(NOT(ISNUMBER(AZ8)),"E_INVALID_DATE",IF(OR(AZ8<1900,AZ8>9999,AZ8<>INT(AZ8)),"E_INVALID_DATE",""))),IF(AV8="RANGE",IF(OR(BB8="",BC8=""),"E_MISSING_INPUT",IF(OR(NOT(ISNUMBER(BB8)),NOT(ISNUMBER(BC8))),"E_INVALID_DATE",IF(OR(BB8<>INT(BB8),BC8<>INT(BC8)),"E_INVALID_DATE",IF(BB8>BC8,"E_REVERSED_BOUNDS","")))),"E_INVALID_UNIT"))))))) | BF8: =IF(AND(BE8="",AV8="TIMESTAMP"),1,0) -> 0 | BG8: =IF(AND(BF8=1,AY8<>"unknown"),1,0) -> 0 | BH8: =IF(OR(BE8<>"",AV8=""),"",IF(OR(AV8="TIMESTAMP",AV8="DATE"),AW8,IF(AV8="MONTH",DATE(AZ8,BA8,1),IF(AV8="YEAR",DATE(AZ8,1,1),BB8)))) | BI8: =IF(OR(BE8<>"",AV8=""),"",IF(OR(AV8="TIMESTAMP",AV8="DATE"),AW8,IF(AV8="MONTH",EOMONTH(DATE(AZ8,BA8,1),0),IF(AV8="YEAR",DATE(AZ8,12,31),BC8)))) | BJ8: =IF(BF8=1,AW8*1440+ROUND(AX8*1440,0),"") | BK8: =IF(BG8=1,BJ8-(IF(LEFT(AY8,1)="-",-1,1)*(VALUE(MID(AY8,2,2))*60+VALUE(MID(AY8,5,2)))),"") | BL8: =IF(D8="","",A8&"|"&B8&"|"&D8) | BM8: =IF(BL8="",0,COUNTIF(nEXP_Key,BL8)) -> 0 | BN8: =IF(D8="",IF(COUNTA(C8,E8,N8,O8)>0,"E_MISSING_INPUT",""),IF(BM8>1,"E_DUPLICATE_ID",IF(W8<>"",W8,IF(AN8<>"",AN8,BE8)))) | BO8: =IF(BN8="","",BN8&": "&SUBSTITUTE(IFERROR(INDEX(nMSG_Text,MATCH(BN8,nMSG_Code,0)),""),"[input]",IF(D8="","an Exposure_Episode_ID","the date fields required by the selected precision")))
W9: =IF(COUNTA(N9:U9)=0,"",IF(N9="","E_MISSING_INPUT",IF(N9="TIMESTAMP",IF(OR(O9="",P9="",Q9=""),"E_MISSING_INPUT",IF(OR(NOT(ISNUMBER(O9)),NOT(ISNUMBER(P9))),"E_INVALID_DATE",IF(OR(O9<>INT(O9),P9<0,P9>=1),"E_INVALID_DATE",IF(ISNA(MATCH(Q9,nLIST_Offset,0)),"E_INVALID_UNIT","")))),IF(N9="DATE",IF(O9="","E_MISSING_INPUT",IF(NOT(ISNUMBER(O9)),"E_INVALID_DATE",IF(O9<>INT(O9),"E_INVALID_DATE",""))),IF(N9="MONTH",IF(OR(R9="",S9=""),"E_MISSING_INPUT",IF(OR(NOT(ISNUMBER(R9)),NOT(ISNUMBER(S9))),"E_INVALID_DATE",IF(OR(R9<1900,R9>9999,R9<>INT(R9),S9<1,S9>12,S9<>INT(S9)),"E_INVALID_DATE",""))),IF(N9="YEAR",IF(R9="","E_MISSING_INPUT",IF(NOT(ISNUMBER(R9)),"E_INVALID_DATE",IF(OR(R9<1900,R9>9999,R9<>INT(R9)),"E_INVALID_DATE",""))),IF(N9="RANGE",IF(OR(T9="",U9=""),"E_MISSING_INPUT",IF(OR(NOT(ISNUMBER(T9)),NOT(ISNUMBER(U9))),"E_INVALID_DATE",IF(OR(T9<>INT(T9),U9<>INT(U9)),"E_INVALID_DATE",IF(T9>U9,"E_REVERSED_BOUNDS","")))),"E_INVALID_UNIT"))))))) | X9: =IF(AND(W9="",N9="TIMESTAMP"),1,0) -> 0 | Y9: =IF(AND(X9=1,Q9<>"unknown"),1,0) -> 0 | Z9: =IF(OR(W9<>"",N9=""),"",IF(OR(N9="TIMESTAMP",N9="DATE"),O9,IF(N9="MONTH",DATE(R9,S9,1),IF(N9="YEAR",DATE(R9,1,1),T9)))) | AA9: =IF(OR(W9<>"",N9=""),"",IF(OR(N9="TIMESTAMP",N9="DATE"),O9,IF(N9="MONTH",EOMONTH(DATE(R9,S9,1),0),IF(N9="YEAR",DATE(R9,12,31),U9)))) | AB9: =IF(X9=1,O9*1440+ROUND(P9*1440,0),"") | AC9: =IF(Y9=1,AB9-(IF(LEFT(Q9,1)="-",-1,1)*(VALUE(MID(Q9,2,2))*60+VALUE(MID(Q9,5,2)))),"") | AN9: =IF(COUNTA(AE9:AL9)=0,"",IF(AE9="","E_MISSING_INPUT",IF(AE9="TIMESTAMP",IF(OR(AF9="",AG9="",AH9=""),"E_MISSING_INPUT",IF(OR(NOT(ISNUMBER(AF9)),NOT(ISNUMBER(AG9))),"E_INVALID_DATE",IF(OR(AF9<>INT(AF9),AG9<0,AG9>=1),"E_INVALID_DATE",IF(ISNA(MATCH(AH9,nLIST_Offset,0)),"E_INVALID_UNIT","")))),IF(AE9="DATE",IF(AF9="","E_MISSING_INPUT",IF(NOT(ISNUMBER(AF9)),"E_INVALID_DATE",IF(AF9<>INT(AF9),"E_INVALID_DATE",""))),IF(AE9="MONTH",IF(OR(AI9="",AJ9=""),"E_MISSING_INPUT",IF(OR(NOT(ISNUMBER(AI9)),NOT(ISNUMBER(AJ9))),"E_INVALID_DATE",IF(OR(AI9<1900,AI9>9999,AI9<>INT(AI9),AJ9<1,AJ9>12,AJ9<>INT(AJ9)),"E_INVALID_DATE",""))),IF(AE9="YEAR",IF(AI9="","E_MISSING_INPUT",IF(NOT(ISNUMBER(AI9)),"E_INVALID_DATE",IF(OR(AI9<1900,AI9>9999,AI9<>INT(AI9)),"E_INVALID_DATE",""))),IF(AE9="RANGE",IF(OR(AK9="",AL9=""),"E_MISSING_INPUT",IF(OR(NOT(ISNUMBER(AK9)),NOT(ISNUMBER(AL9))),"E_INVALID_DATE",IF(OR(AK9<>INT(AK9),AL9<>INT(AL9)),"E_INVALID_DATE",IF(AK9>AL9,"E_REVERSED_BOUNDS","")))),"E_INVALID_UNIT"))))))) | AO9: =IF(AND(AN9="",AE9="TIMESTAMP"),1,0) -> 0 | AP9: =IF(AND(AO9=1,AH9<>"unknown"),1,0) -> 0 | AQ9: =IF(OR(AN9<>"",AE9=""),"",IF(OR(AE9="TIMESTAMP",AE9="DATE"),AF9,IF(AE9="MONTH",DATE(AI9,AJ9,1),IF(AE9="YEAR",DATE(AI9,1,1),AK9)))) | AR9: =IF(OR(AN9<>"",AE9=""),"",IF(OR(AE9="TIMESTAMP",AE9="DATE"),AF9,IF(AE9="MONTH",EOMONTH(DATE(AI9,AJ9,1),0),IF(AE9="YEAR",DATE(AI9,12,31),AL9)))) | AS9: =IF(AO9=1,AF9*1440+ROUND(AG9*1440,0),"") | AT9: =IF(AP9=1,AS9-(IF(LEFT(AH9,1)="-",-1,1)*(VALUE(MID(AH9,2,2))*60+VALUE(MID(AH9,5,2)))),"") | BE9: =IF(COUNTA(AV9:BC9)=0,"",IF(AV9="","E_MISSING_INPUT",IF(AV9="TIMESTAMP",IF(OR(AW9="",AX9="",AY9=""),"E_MISSING_INPUT",IF(OR(NOT(ISNUMBER(AW9)),NOT(ISNUMBER(AX9))),"E_INVALID_DATE",IF(OR(AW9<>INT(AW9),AX9<0,AX9>=1),"E_INVALID_DATE",IF(ISNA(MATCH(AY9,nLIST_Offset,0)),"E_INVALID_UNIT","")))),IF(AV9="DATE",IF(AW9="","E_MISSING_INPUT",IF(NOT(ISNUMBER(AW9)),"E_INVALID_DATE",IF(AW9<>INT(AW9),"E_INVALID_DATE",""))),IF(AV9="MONTH",IF(OR(AZ9="",BA9=""),"E_MISSING_INPUT",IF(OR(NOT(ISNUMBER(AZ9)),NOT(ISNUMBER(BA9))),"E_INVALID_DATE",IF(OR(AZ9<1900,AZ9>9999,AZ9<>INT(AZ9),BA9<1,BA9>12,BA9<>INT(BA9)),"E_INVALID_DATE",""))),IF(AV9="YEAR",IF(AZ9="","E_MISSING_INPUT",IF(NOT(ISNUMBER(AZ9)),"E_INVALID_DATE",IF(OR(AZ9<1900,AZ9>9999,AZ9<>INT(AZ9)),"E_INVALID_DATE",""))),IF(AV9="RANGE",IF(OR(BB9="",BC9=""),"E_MISSING_INPUT",IF(OR(NOT(ISNUMBER(BB9)),NOT(ISNUMBER(BC9))),"E_INVALID_DATE",IF(OR(BB9<>INT(BB9),BC9<>INT(BC9)),"E_INVALID_DATE",IF(BB9>BC9,"E_REVERSED_BOUNDS","")))),"E_INVALID_UNIT"))))))) | BF9: =IF(AND(BE9="",AV9="TIMESTAMP"),1,0) -> 0 | BG9: =IF(AND(BF9=1,AY9<>"unknown"),1,0) -> 0 | BH9: =IF(OR(BE9<>"",AV9=""),"",IF(OR(AV9="TIMESTAMP",AV9="DATE"),AW9,IF(AV9="MONTH",DATE(AZ9,BA9,1),IF(AV9="YEAR",DATE(AZ9,1,1),BB9)))) | BI9: =IF(OR(BE9<>"",AV9=""),"",IF(OR(AV9="TIMESTAMP",AV9="DATE"),AW9,IF(AV9="MONTH",EOMONTH(DATE(AZ9,BA9,1),0),IF(AV9="YEAR",DATE(AZ9,12,31),BC9)))) | BJ9: =IF(BF9=1,AW9*1440+ROUND(AX9*1440,0),"") | BK9: =IF(BG9=1,BJ9-(IF(LEFT(AY9,1)="-",-1,1)*(VALUE(MID(AY9,2,2))*60+VALUE(MID(AY9,5,2)))),"") | BL9: =IF(D9="","",A9&"|"&B9&"|"&D9) | BM9: =IF(BL9="",0,COUNTIF(nEXP_Key,BL9)) -> 0 | BN9: =IF(D9="",IF(COUNTA(C9,E9,N9,O9)>0,"E_MISSING_INPUT",""),IF(BM9>1,"E_DUPLICATE_ID",IF(W9<>"",W9,IF(AN9<>"",AN9,BE9)))) | BO9: =IF(BN9="","",BN9&": "&SUBSTITUTE(IFERROR(INDEX(nMSG_Text,MATCH(BN9,nMSG_Code,0)),""),"[input]",IF(D9="","an Exposure_Episode_ID","the date fields required by the selected precision")))
W10: =IF(COUNTA(N10:U10)=0,"",IF(N10="","E_MISSING_INPUT",IF(N10="TIMESTAMP",IF(OR(O10="",P10="",Q10=""),"E_MISSING_INPUT",IF(OR(NOT(ISNUMBER(O10)),NOT(ISNUMBER(P10))),"E_INVALID_DATE",IF(OR(O10<>INT(O10),P10<0,P10>=1),"E_INVALID_DATE",IF(ISNA(MATCH(Q10,nLIST_Offset,0)),"E_INVALID_UNIT","")))),IF(N10="DATE",IF(O10="","E_MISSING_INPUT",IF(NOT(ISNUMBER(O10)),"E_INVALID_DATE",IF(O10<>INT(O10),"E_INVALID_DATE",""))),IF(N10="MONTH",IF(OR(R10="",S10=""),"E_MISSING_INPUT",IF(OR(NOT(ISNUMBER(R10)),NOT(ISNUMBER(S10))),"E_INVALID_DATE",IF(OR(R10<1900,R10>9999,R10<>INT(R10),S10<1,S10>12,S10<>INT(S10)),"E_INVALID_DATE",""))),IF(N10="YEAR",IF(R10="","E_MISSING_INPUT",IF(NOT(ISNUMBER(R10)),"E_INVALID_DATE",IF(OR(R10<1900,R10>9999,R10<>INT(R10)),"E_INVALID_DATE",""))),IF(N10="RANGE",IF(OR(T10="",U10=""),"E_MISSING_INPUT",IF(OR(NOT(ISNUMBER(T10)),NOT(ISNUMBER(U10))),"E_INVALID_DATE",IF(OR(T10<>INT(T10),U10<>INT(U10)),"E_INVALID_DATE",IF(T10>U10,"E_REVERSED_BOUNDS","")))),"E_INVALID_UNIT"))))))) | X10: =IF(AND(W10="",N10="TIMESTAMP"),1,0) -> 0 | Y10: =IF(AND(X10=1,Q10<>"unknown"),1,0) -> 0 | Z10: =IF(OR(W10<>"",N10=""),"",IF(OR(N10="TIMESTAMP",N10="DATE"),O10,IF(N10="MONTH",DATE(R10,S10,1),IF(N10="YEAR",DATE(R10,1,1),T10)))) | AA10: =IF(OR(W10<>"",N10=""),"",IF(OR(N10="TIMESTAMP",N10="DATE"),O10,IF(N10="MONTH",EOMONTH(DATE(R10,S10,1),0),IF(N10="YEAR",DATE(R10,12,31),U10)))) | AB10: =IF(X10=1,O10*1440+ROUND(P10*1440,0),"") | AC10: =IF(Y10=1,AB10-(IF(LEFT(Q10,1)="-",-1,1)*(VALUE(MID(Q10,2,2))*60+VALUE(MID(Q10,5,2)))),"") | AN10: =IF(COUNTA(AE10:AL10)=0,"",IF(AE10="","E_MISSING_INPUT",IF(AE10="TIMESTAMP",IF(OR(AF10="",AG10="",AH10=""),"E_MISSING_INPUT",IF(OR(NOT(ISNUMBER(AF10)),NOT(ISNUMBER(AG10))),"E_INVALID_DATE",IF(OR(AF10<>INT(AF10),AG10<0,AG10>=1),"E_INVALID_DATE",IF(ISNA(MATCH(AH10,nLIST_Offset,0)),"E_INVALID_UNIT","")))),IF(AE10="DATE",IF(AF10="","E_MISSING_INPUT",IF(NOT(ISNUMBER(AF10)),"E_INVALID_DATE",IF(AF10<>INT(AF10),"E_INVALID_DATE",""))),IF(AE10="MONTH",IF(OR(AI10="",AJ10=""),"E_MISSING_INPUT",IF(OR(NOT(ISNUMBER(AI10)),NOT(ISNUMBER(AJ10))),"E_INVALID_DATE",IF(OR(AI10<1900,AI10>9999,AI10<>INT(AI10),AJ10<1,AJ10>12,AJ10<>INT(AJ10)),"E_INVALID_DATE",""))),IF(AE10="YEAR",IF(AI10="","E_MISSING_INPUT",IF(NOT(ISNUMBER(AI10)),"E_INVALID_DATE",IF(OR(AI10<1900,AI10>9999,AI10<>INT(AI10)),"E_INVALID_DATE",""))),IF(AE10="RANGE",IF(OR(AK10="",AL10=""),"E_MISSING_INPUT",IF(OR(NOT(ISNUMBER(AK10)),NOT(ISNUMBER(AL10))),"E_INVALID_DATE",IF(OR(AK10<>INT(AK10),AL10<>INT(AL10)),"E_INVALID_DATE",IF(AK10>AL10,"E_REVERSED_BOUNDS","")))),"E_INVALID_UNIT"))))))) | AO10: =IF(AND(AN10="",AE10="TIMESTAMP"),1,0) -> 0 | AP10: =IF(AND(AO10=1,AH10<>"unknown"),1,0) -> 0 | AQ10: =IF(OR(AN10<>"",AE10=""),"",IF(OR(AE10="TIMESTAMP",AE10="DATE"),AF10,IF(AE10="MONTH",DATE(AI10,AJ10,1),IF(AE10="YEAR",DATE(AI10,1,1),AK10)))) | AR10: =IF(OR(AN10<>"",AE10=""),"",IF(OR(AE10="TIMESTAMP",AE10="DATE"),AF10,IF(AE10="MONTH",EOMONTH(DATE(AI10,AJ10,1),0),IF(AE10="YEAR",DATE(AI10,12,31),AL10)))) | AS10: =IF(AO10=1,AF10*1440+ROUND(AG10*1440,0),"") | AT10: =IF(AP10=1,AS10-(IF(LEFT(AH10,1)="-",-1,1)*(VALUE(MID(AH10,2,2))*60+VALUE(MID(AH10,5,2)))),"") | BE10: =IF(COUNTA(AV10:BC10)=0,"",IF(AV10="","E_MISSING_INPUT",IF(AV10="TIMESTAMP",IF(OR(AW10="",AX10="",AY10=""),"E_MISSING_INPUT",IF(OR(NOT(ISNUMBER(AW10)),NOT(ISNUMBER(AX10))),"E_INVALID_DATE",IF(OR(AW10<>INT(AW10),AX10<0,AX10>=1),"E_INVALID_DATE",IF(ISNA(MATCH(AY10,nLIST_Offset,0)),"E_INVALID_UNIT","")))),IF(AV10="DATE",IF(AW10="","E_MISSING_INPUT",IF(NOT(ISNUMBER(AW10)),"E_INVALID_DATE",IF(AW10<>INT(AW10),"E_INVALID_DATE",""))),IF(AV10="MONTH",IF(OR(AZ10="",BA10=""),"E_MISSING_INPUT",IF(OR(NOT(ISNUMBER(AZ10)),NOT(ISNUMBER(BA10))),"E_INVALID_DATE",IF(OR(AZ10<1900,AZ10>9999,AZ10<>INT(AZ10),BA10<1,BA10>12,BA10<>INT(BA10)),"E_INVALID_DATE",""))),IF(AV10="YEAR",IF(AZ10="","E_MISSING_INPUT",IF(NOT(ISNUMBER(AZ10)),"E_INVALID_DATE",IF(OR(AZ10<1900,AZ10>9999,AZ10<>INT(AZ10)),"E_INVALID_DATE",""))),IF(AV10="RANGE",IF(OR(BB10="",BC10=""),"E_MISSING_INPUT",IF(OR(NOT(ISNUMBER(BB10)),NOT(ISNUMBER(BC10))),"E_INVALID_DATE",IF(OR(BB10<>INT(BB10),BC10<>INT(BC10)),"E_INVALID_DATE",IF(BB10>BC10,"E_REVERSED_BOUNDS","")))),"E_INVALID_UNIT"))))))) | BF10: =IF(AND(BE10="",AV10="TIMESTAMP"),1,0) -> 0 | BG10: =IF(AND(BF10=1,AY10<>"unknown"),1,0) -> 0 | BH10: =IF(OR(BE10<>"",AV10=""),"",IF(OR(AV10="TIMESTAMP",AV10="DATE"),AW10,IF(AV10="MONTH",DATE(AZ10,BA10,1),IF(AV10="YEAR",DATE(AZ10,1,1),BB10)))) | BI10: =IF(OR(BE10<>"",AV10=""),"",IF(OR(AV10="TIMESTAMP",AV10="DATE"),AW10,IF(AV10="MONTH",EOMONTH(DATE(AZ10,BA10,1),0),IF(AV10="YEAR",DATE(AZ10,12,31),BC10)))) | BJ10: =IF(BF10=1,AW10*1440+ROUND(AX10*1440,0),"") | BK10: =IF(BG10=1,BJ10-(IF(LEFT(AY10,1)="-",-1,1)*(VALUE(MID(AY10,2,2))*60+VALUE(MID(AY10,5,2)))),"") | BL10: =IF(D10="","",A10&"|"&B10&"|"&D10) | BM10: =IF(BL10="",0,COUNTIF(nEXP_Key,BL10)) -> 0 | BN10: =IF(D10="",IF(COUNTA(C10,E10,N10,O10)>0,"E_MISSING_INPUT",""),IF(BM10>1,"E_DUPLICATE_ID",IF(W10<>"",W10,IF(AN10<>"",AN10,BE10)))) | BO10: =IF(BN10="","",BN10&": "&SUBSTITUTE(IFERROR(INDEX(nMSG_Text,MATCH(BN10,nMSG_Code,0)),""),"[input]",IF(D10="","an Exposure_Episode_ID","the date fields required by the selected precision")))
W11: =IF(COUNTA(N11:U11)=0,"",IF(N11="","E_MISSING_INPUT",IF(N11="TIMESTAMP",IF(OR(O11="",P11="",Q11=""),"E_MISSING_INPUT",IF(OR(NOT(ISNUMBER(O11)),NOT(ISNUMBER(P11))),"E_INVALID_DATE",IF(OR(O11<>INT(O11),P11<0,P11>=1),"E_INVALID_DATE",IF(ISNA(MATCH(Q11,nLIST_Offset,0)),"E_INVALID_UNIT","")))),IF(N11="DATE",IF(O11="","E_MISSING_INPUT",IF(NOT(ISNUMBER(O11)),"E_INVALID_DATE",IF(O11<>INT(O11),"E_INVALID_DATE",""))),IF(N11="MONTH",IF(OR(R11="",S11=""),"E_MISSING_INPUT",IF(OR(NOT(ISNUMBER(R11)),NOT(ISNUMBER(S11))),"E_INVALID_DATE",IF(OR(R11<1900,R11>9999,R11<>INT(R11),S11<1,S11>12,S11<>INT(S11)),"E_INVALID_DATE",""))),IF(N11="YEAR",IF(R11="","E_MISSING_INPUT",IF(NOT(ISNUMBER(R11)),"E_INVALID_DATE",IF(OR(R11<1900,R11>9999,R11<>INT(R11)),"E_INVALID_DATE",""))),IF(N11="RANGE",IF(OR(T11="",U11=""),"E_MISSING_INPUT",IF(OR(NOT(ISNUMBER(T11)),NOT(ISNUMBER(U11))),"E_INVALID_DATE",IF(OR(T11<>INT(T11),U11<>INT(U11)),"E_INVALID_DATE",IF(T11>U11,"E_REVERSED_BOUNDS","")))),"E_INVALID_UNIT"))))))) | X11: =IF(AND(W11="",N11="TIMESTAMP"),1,0) -> 0 | Y11: =IF(AND(X11=1,Q11<>"unknown"),1,0) -> 0 | Z11: =IF(OR(W11<>"",N11=""),"",IF(OR(N11="TIMESTAMP",N11="DATE"),O11,IF(N11="MONTH",DATE(R11,S11,1),IF(N11="YEAR",DATE(R11,1,1),T11)))) | AA11: =IF(OR(W11<>"",N11=""),"",IF(OR(N11="TIMESTAMP",N11="DATE"),O11,IF(N11="MONTH",EOMONTH(DATE(R11,S11,1),0),IF(N11="YEAR",DATE(R11,12,31),U11)))) | AB11: =IF(X11=1,O11*1440+ROUND(P11*1440,0),"") | AC11: =IF(Y11=1,AB11-(IF(LEFT(Q11,1)="-",-1,1)*(VALUE(MID(Q11,2,2))*60+VALUE(MID(Q11,5,2)))),"") | AN11: =IF(COUNTA(AE11:AL11)=0,"",IF(AE11="","E_MISSING_INPUT",IF(AE11="TIMESTAMP",IF(OR(AF11="",AG11="",AH11=""),"E_MISSING_INPUT",IF(OR(NOT(ISNUMBER(AF11)),NOT(ISNUMBER(AG11))),"E_INVALID_DATE",IF(OR(AF11<>INT(AF11),AG11<0,AG11>=1),"E_INVALID_DATE",IF(ISNA(MATCH(AH11,nLIST_Offset,0)),"E_INVALID_UNIT","")))),IF(AE11="DATE",IF(AF11="","E_MISSING_INPUT",IF(NOT(ISNUMBER(AF11)),"E_INVALID_DATE",IF(AF11<>INT(AF11),"E_INVALID_DATE",""))),IF(AE11="MONTH",IF(OR(AI11="",AJ11=""),"E_MISSING_INPUT",IF(OR(NOT(ISNUMBER(AI11)),NOT(ISNUMBER(AJ11))),"E_INVALID_DATE",IF(OR(AI11<1900,AI11>9999,AI11<>INT(AI11),AJ11<1,AJ11>12,AJ11<>INT(AJ11)),"E_INVALID_DATE",""))),IF(AE11="YEAR",IF(AI11="","E_MISSING_INPUT",IF(NOT(ISNUMBER(AI11)),"E_INVALID_DATE",IF(OR(AI11<1900,AI11>9999,AI11<>INT(AI11)),"E_INVALID_DATE",""))),IF(AE11="RANGE",IF(OR(AK11="",AL11=""),"E_MISSING_INPUT",IF(OR(NOT(ISNUMBER(AK11)),NOT(ISNUMBER(AL11))),"E_INVALID_DATE",IF(OR(AK11<>INT(AK11),AL11<>INT(AL11)),"E_INVALID_DATE",IF(AK11>AL11,"E_REVERSED_BOUNDS","")))),"E_INVALID_UNIT"))))))) | AO11: =IF(AND(AN11="",AE11="TIMESTAMP"),1,0) -> 0 | AP11: =IF(AND(AO11=1,AH11<>"unknown"),1,0) -> 0 | AQ11: =IF(OR(AN11<>"",AE11=""),"",IF(OR(AE11="TIMESTAMP",AE11="DATE"),AF11,IF(AE11="MONTH",DATE(AI11,AJ11,1),IF(AE11="YEAR",DATE(AI11,1,1),AK11)))) | AR11: =IF(OR(AN11<>"",AE11=""),"",IF(OR(AE11="TIMESTAMP",AE11="DATE"),AF11,IF(AE11="MONTH",EOMONTH(DATE(AI11,AJ11,1),0),IF(AE11="YEAR",DATE(AI11,12,31),AL11)))) | AS11: =IF(AO11=1,AF11*1440+ROUND(AG11*1440,0),"") | AT11: =IF(AP11=1,AS11-(IF(LEFT(AH11,1)="-",-1,1)*(VALUE(MID(AH11,2,2))*60+VALUE(MID(AH11,5,2)))),"") | BE11: =IF(COUNTA(AV11:BC11)=0,"",IF(AV11="","E_MISSING_INPUT",IF(AV11="TIMESTAMP",IF(OR(AW11="",AX11="",AY11=""),"E_MISSING_INPUT",IF(OR(NOT(ISNUMBER(AW11)),NOT(ISNUMBER(AX11))),"E_INVALID_DATE",IF(OR(AW11<>INT(AW11),AX11<0,AX11>=1),"E_INVALID_DATE",IF(ISNA(MATCH(AY11,nLIST_Offset,0)),"E_INVALID_UNIT","")))),IF(AV11="DATE",IF(AW11="","E_MISSING_INPUT",IF(NOT(ISNUMBER(AW11)),"E_INVALID_DATE",IF(AW11<>INT(AW11),"E_INVALID_DATE",""))),IF(AV11="MONTH",IF(OR(AZ11="",BA11=""),"E_MISSING_INPUT",IF(OR(NOT(ISNUMBER(AZ11)),NOT(ISNUMBER(BA11))),"E_INVALID_DATE",IF(OR(AZ11<1900,AZ11>9999,AZ11<>INT(AZ11),BA11<1,BA11>12,BA11<>INT(BA11)),"E_INVALID_DATE",""))),IF(AV11="YEAR",IF(AZ11="","E_MISSING_INPUT",IF(NOT(ISNUMBER(AZ11)),"E_INVALID_DATE",IF(OR(AZ11<1900,AZ11>9999,AZ11<>INT(AZ11)),"E_INVALID_DATE",""))),IF(AV11="RANGE",IF(OR(BB11="",BC11=""),"E_MISSING_INPUT",IF(OR(NOT(ISNUMBER(BB11)),NOT(ISNUMBER(BC11))),"E_INVALID_DATE",IF(OR(BB11<>INT(BB11),BC11<>INT(BC11)),"E_INVALID_DATE",IF(BB11>BC11,"E_REVERSED_BOUNDS","")))),"E_INVALID_UNIT"))))))) | BF11: =IF(AND(BE11="",AV11="TIMESTAMP"),1,0) -> 0 | BG11: =IF(AND(BF11=1,AY11<>"unknown"),1,0) -> 0 | BH11: =IF(OR(BE11<>"",AV11=""),"",IF(OR(AV11="TIMESTAMP",AV11="DATE"),AW11,IF(AV11="MONTH",DATE(AZ11,BA11,1),IF(AV11="YEAR",DATE(AZ11,1,1),BB11)))) | BI11: =IF(OR(BE11<>"",AV11=""),"",IF(OR(AV11="TIMESTAMP",AV11="DATE"),AW11,IF(AV11="MONTH",EOMONTH(DATE(AZ11,BA11,1),0),IF(AV11="YEAR",DATE(AZ11,12,31),BC11)))) | BJ11: =IF(BF11=1,AW11*1440+ROUND(AX11*1440,0),"") | BK11: =IF(BG11=1,BJ11-(IF(LEFT(AY11,1)="-",-1,1)*(VALUE(MID(AY11,2,2))*60+VALUE(MID(AY11,5,2)))),"") | BL11: =IF(D11="","",A11&"|"&B11&"|"&D11) | BM11: =IF(BL11="",0,COUNTIF(nEXP_Key,BL11)) -> 0 | BN11: =IF(D11="",IF(COUNTA(C11,E11,N11,O11)>0,"E_MISSING_INPUT",""),IF(BM11>1,"E_DUPLICATE_ID",IF(W11<>"",W11,IF(AN11<>"",AN11,BE11)))) | BO11: =IF(BN11="","",BN11&": "&SUBSTITUTE(IFERROR(INDEX(nMSG_Text,MATCH(BN11,nMSG_Code,0)),""),"[input]",IF(D11="","an Exposure_Episode_ID","the date fields required by the selected precision")))
W12: =IF(COUNTA(N12:U12)=0,"",IF(N12="","E_MISSING_INPUT",IF(N12="TIMESTAMP",IF(OR(O12="",P12="",Q12=""),"E_MISSING_INPUT",IF(OR(NOT(ISNUMBER(O12)),NOT(ISNUMBER(P12))),"E_INVALID_DATE",IF(OR(O12<>INT(O12),P12<0,P12>=1),"E_INVALID_DATE",IF(ISNA(MATCH(Q12,nLIST_Offset,0)),"E_INVALID_UNIT","")))),IF(N12="DATE",IF(O12="","E_MISSING_INPUT",IF(NOT(ISNUMBER(O12)),"E_INVALID_DATE",IF(O12<>INT(O12),"E_INVALID_DATE",""))),IF(N12="MONTH",IF(OR(R12="",S12=""),"E_MISSING_INPUT",IF(OR(NOT(ISNUMBER(R12)),NOT(ISNUMBER(S12))),"E_INVALID_DATE",IF(OR(R12<1900,R12>9999,R12<>INT(R12),S12<1,S12>12,S12<>INT(S12)),"E_INVALID_DATE",""))),IF(N12="YEAR",IF(R12="","E_MISSING_INPUT",IF(NOT(ISNUMBER(R12)),"E_INVALID_DATE",IF(OR(R12<1900,R12>9999,R12<>INT(R12)),"E_INVALID_DATE",""))),IF(N12="RANGE",IF(OR(T12="",U12=""),"E_MISSING_INPUT",IF(OR(NOT(ISNUMBER(T12)),NOT(ISNUMBER(U12))),"E_INVALID_DATE",IF(OR(T12<>INT(T12),U12<>INT(U12)),"E_INVALID_DATE",IF(T12>U12,"E_REVERSED_BOUNDS","")))),"E_INVALID_UNIT"))))))) | X12: =IF(AND(W12="",N12="TIMESTAMP"),1,0) -> 0 | Y12: =IF(AND(X12=1,Q12<>"unknown"),1,0) -> 0 | Z12: =IF(OR(W12<>"",N12=""),"",IF(OR(N12="TIMESTAMP",N12="DATE"),O12,IF(N12="MONTH",DATE(R12,S12,1),IF(N12="YEAR",DATE(R12,1,1),T12)))) | AA12: =IF(OR(W12<>"",N12=""),"",IF(OR(N12="TIMESTAMP",N12="DATE"),O12,IF(N12="MONTH",EOMONTH(DATE(R12,S12,1),0),IF(N12="YEAR",DATE(R12,12,31),U12)))) | AB12: =IF(X12=1,O12*1440+ROUND(P12*1440,0),"") | AC12: =IF(Y12=1,AB12-(IF(LEFT(Q12,1)="-",-1,1)*(VALUE(MID(Q12,2,2))*60+VALUE(MID(Q12,5,2)))),"") | AN12: =IF(COUNTA(AE12:AL12)=0,"",IF(AE12="","E_MISSING_INPUT",IF(AE12="TIMESTAMP",IF(OR(AF12="",AG12="",AH12=""),"E_MISSING_INPUT",IF(OR(NOT(ISNUMBER(AF12)),NOT(ISNUMBER(AG12))),"E_INVALID_DATE",IF(OR(AF12<>INT(AF12),AG12<0,AG12>=1),"E_INVALID_DATE",IF(ISNA(MATCH(AH12,nLIST_Offset,0)),"E_INVALID_UNIT","")))),IF(AE12="DATE",IF(AF12="","E_MISSING_INPUT",IF(NOT(ISNUMBER(AF12)),"E_INVALID_DATE",IF(AF12<>INT(AF12),"E_INVALID_DATE",""))),IF(AE12="MONTH",IF(OR(AI12="",AJ12=""),"E_MISSING_INPUT",IF(OR(NOT(ISNUMBER(AI12)),NOT(ISNUMBER(AJ12))),"E_INVALID_DATE",IF(OR(AI12<1900,AI12>9999,AI12<>INT(AI12),AJ12<1,AJ12>12,AJ12<>INT(AJ12)),"E_INVALID_DATE",""))),IF(AE12="YEAR",IF(AI12="","E_MISSING_INPUT",IF(NOT(ISNUMBER(AI12)),"E_INVALID_DATE",IF(OR(AI12<1900,AI12>9999,AI12<>INT(AI12)),"E_INVALID_DATE",""))),IF(AE12="RANGE",IF(OR(AK12="",AL12=""),"E_MISSING_INPUT",IF(OR(NOT(ISNUMBER(AK12)),NOT(ISNUMBER(AL12))),"E_INVALID_DATE",IF(OR(AK12<>INT(AK12),AL12<>INT(AL12)),"E_INVALID_DATE",IF(AK12>AL12,"E_REVERSED_BOUNDS","")))),"E_INVALID_UNIT"))))))) | AO12: =IF(AND(AN12="",AE12="TIMESTAMP"),1,0) -> 0 | AP12: =IF(AND(AO12=1,AH12<>"unknown"),1,0) -> 0 | AQ12: =IF(OR(AN12<>"",AE12=""),"",IF(OR(AE12="TIMESTAMP",AE12="DATE"),AF12,IF(AE12="MONTH",DATE(AI12,AJ12,1),IF(AE12="YEAR",DATE(AI12,1,1),AK12)))) | AR12: =IF(OR(AN12<>"",AE12=""),"",IF(OR(AE12="TIMESTAMP",AE12="DATE"),AF12,IF(AE12="MONTH",EOMONTH(DATE(AI12,AJ12,1),0),IF(AE12="YEAR",DATE(AI12,12,31),AL12)))) | AS12: =IF(AO12=1,AF12*1440+ROUND(AG12*1440,0),"") | AT12: =IF(AP12=1,AS12-(IF(LEFT(AH12,1)="-",-1,1)*(VALUE(MID(AH12,2,2))*60+VALUE(MID(AH12,5,2)))),"") | BE12: =IF(COUNTA(AV12:BC12)=0,"",IF(AV12="","E_MISSING_INPUT",IF(AV12="TIMESTAMP",IF(OR(AW12="",AX12="",AY12=""),"E_MISSING_INPUT",IF(OR(NOT(ISNUMBER(AW12)),NOT(ISNUMBER(AX12))),"E_INVALID_DATE",IF(OR(AW12<>INT(AW12),AX12<0,AX12>=1),"E_INVALID_DATE",IF(ISNA(MATCH(AY12,nLIST_Offset,0)),"E_INVALID_UNIT","")))),IF(AV12="DATE",IF(AW12="","E_MISSING_INPUT",IF(NOT(ISNUMBER(AW12)),"E_INVALID_DATE",IF(AW12<>INT(AW12),"E_INVALID_DATE",""))),IF(AV12="MONTH",IF(OR(AZ12="",BA12=""),"E_MISSING_INPUT",IF(OR(NOT(ISNUMBER(AZ12)),NOT(ISNUMBER(BA12))),"E_INVALID_DATE",IF(OR(AZ12<1900,AZ12>9999,AZ12<>INT(AZ12),BA12<1,BA12>12,BA12<>INT(BA12)),"E_INVALID_DATE",""))),IF(AV12="YEAR",IF(AZ12="","E_MISSING_INPUT",IF(NOT(ISNUMBER(AZ12)),"E_INVALID_DATE",IF(OR(AZ12<1900,AZ12>9999,AZ12<>INT(AZ12)),"E_INVALID_DATE",""))),IF(AV12="RANGE",IF(OR(BB12="",BC12=""),"E_MISSING_INPUT",IF(OR(NOT(ISNUMBER(BB12)),NOT(ISNUMBER(BC12))),"E_INVALID_DATE",IF(OR(BB12<>INT(BB12),BC12<>INT(BC12)),"E_INVALID_DATE",IF(BB12>BC12,"E_REVERSED_BOUNDS","")))),"E_INVALID_UNIT"))))))) | BF12: =IF(AND(BE12="",AV12="TIMESTAMP"),1,0) -> 0 | BG12: =IF(AND(BF12=1,AY12<>"unknown"),1,0) -> 0 | BH12: =IF(OR(BE12<>"",AV12=""),"",IF(OR(AV12="TIMESTAMP",AV12="DATE"),AW12,IF(AV12="MONTH",DATE(AZ12,BA12,1),IF(AV12="YEAR",DATE(AZ12,1,1),BB12)))) | BI12: =IF(OR(BE12<>"",AV12=""),"",IF(OR(AV12="TIMESTAMP",AV12="DATE"),AW12,IF(AV12="MONTH",EOMONTH(DATE(AZ12,BA12,1),0),IF(AV12="YEAR",DATE(AZ12,12,31),BC12)))) | BJ12: =IF(BF12=1,AW12*1440+ROUND(AX12*1440,0),"") | BK12: =IF(BG12=1,BJ12-(IF(LEFT(AY12,1)="-",-1,1)*(VALUE(MID(AY12,2,2))*60+VALUE(MID(AY12,5,2)))),"") | BL12: =IF(D12="","",A12&"|"&B12&"|"&D12) | BM12: =IF(BL12="",0,COUNTIF(nEXP_Key,BL12)) -> 0 | BN12: =IF(D12="",IF(COUNTA(C12,E12,N12,O12)>0,"E_MISSING_INPUT",""),IF(BM12>1,"E_DUPLICATE_ID",IF(W12<>"",W12,IF(AN12<>"",AN12,BE12)))) | BO12: =IF(BN12="","",BN12&": "&SUBSTITUTE(IFERROR(INDEX(nMSG_Text,MATCH(BN12,nMSG_Code,0)),""),"[input]",IF(D12="","an Exposure_Episode_ID","the date fields required by the selected precision")))
W13: =IF(COUNTA(N13:U13)=0,"",IF(N13="","E_MISSING_INPUT",IF(N13="TIMESTAMP",IF(OR(O13="",P13="",Q13=""),"E_MISSING_INPUT",IF(OR(NOT(ISNUMBER(O13)),NOT(ISNUMBER(P13))),"E_INVALID_DATE",IF(OR(O13<>INT(O13),P13<0,P13>=1),"E_INVALID_DATE",IF(ISNA(MATCH(Q13,nLIST_Offset,0)),"E_INVALID_UNIT","")))),IF(N13="DATE",IF(O13="","E_MISSING_INPUT",IF(NOT(ISNUMBER(O13)),"E_INVALID_DATE",IF(O13<>INT(O13),"E_INVALID_DATE",""))),IF(N13="MONTH",IF(OR(R13="",S13=""),"E_MISSING_INPUT",IF(OR(NOT(ISNUMBER(R13)),NOT(ISNUMBER(S13))),"E_INVALID_DATE",IF(OR(R13<1900,R13>9999,R13<>INT(R13),S13<1,S13>12,S13<>INT(S13)),"E_INVALID_DATE",""))),IF(N13="YEAR",IF(R13="","E_MISSING_INPUT",IF(NOT(ISNUMBER(R13)),"E_INVALID_DATE",IF(OR(R13<1900,R13>9999,R13<>INT(R13)),"E_INVALID_DATE",""))),IF(N13="RANGE",IF(OR(T13="",U13=""),"E_MISSING_INPUT",IF(OR(NOT(ISNUMBER(T13)),NOT(ISNUMBER(U13))),"E_INVALID_DATE",IF(OR(T13<>INT(T13),U13<>INT(U13)),"E_INVALID_DATE",IF(T13>U13,"E_REVERSED_BOUNDS","")))),"E_INVALID_UNIT"))))))) | X13: =IF(AND(W13="",N13="TIMESTAMP"),1,0) -> 0 | Y13: =IF(AND(X13=1,Q13<>"unknown"),1,0) -> 0 | Z13: =IF(OR(W13<>"",N13=""),"",IF(OR(N13="TIMESTAMP",N13="DATE"),O13,IF(N13="MONTH",DATE(R13,S13,1),IF(N13="YEAR",DATE(R13,1,1),T13)))) | AA13: =IF(OR(W13<>"",N13=""),"",IF(OR(N13="TIMESTAMP",N13="DATE"),O13,IF(N13="MONTH",EOMONTH(DATE(R13,S13,1),0),IF(N13="YEAR",DATE(R13,12,31),U13)))) | AB13: =IF(X13=1,O13*1440+ROUND(P13*1440,0),"") | AC13: =IF(Y13=1,AB13-(IF(LEFT(Q13,1)="-",-1,1)*(VALUE(MID(Q13,2,2))*60+VALUE(MID(Q13,5,2)))),"") | AN13: =IF(COUNTA(AE13:AL13)=0,"",IF(AE13="","E_MISSING_INPUT",IF(AE13="TIMESTAMP",IF(OR(AF13="",AG13="",AH13=""),"E_MISSING_INPUT",IF(OR(NOT(ISNUMBER(AF13)),NOT(ISNUMBER(AG13))),"E_INVALID_DATE",IF(OR(AF13<>INT(AF13),AG13<0,AG13>=1),"E_INVALID_DATE",IF(ISNA(MATCH(AH13,nLIST_Offset,0)),"E_INVALID_UNIT","")))),IF(AE13="DATE",IF(AF13="","E_MISSING_INPUT",IF(NOT(ISNUMBER(AF13)),"E_INVALID_DATE",IF(AF13<>INT(AF13),"E_INVALID_DATE",""))),IF(AE13="MONTH",IF(OR(AI13="",AJ13=""),"E_MISSING_INPUT",IF(OR(NOT(ISNUMBER(AI13)),NOT(ISNUMBER(AJ13))),"E_INVALID_DATE",IF(OR(AI13<1900,AI13>9999,AI13<>INT(AI13),AJ13<1,AJ13>12,AJ13<>INT(AJ13)),"E_INVALID_DATE",""))),IF(AE13="YEAR",IF(AI13="","E_MISSING_INPUT",IF(NOT(ISNUMBER(AI13)),"E_INVALID_DATE",IF(OR(AI13<1900,AI13>9999,AI13<>INT(AI13)),"E_INVALID_DATE",""))),IF(AE13="RANGE",IF(OR(AK13="",AL13=""),"E_MISSING_INPUT",IF(OR(NOT(ISNUMBER(AK13)),NOT(ISNUMBER(AL13))),"E_INVALID_DATE",IF(OR(AK13<>INT(AK13),AL13<>INT(AL13)),"E_INVALID_DATE",IF(AK13>AL13,"E_REVERSED_BOUNDS","")))),"E_INVALID_UNIT"))))))) | AO13: =IF(AND(AN13="",AE13="TIMESTAMP"),1,0) -> 0 | AP13: =IF(AND(AO13=1,AH13<>"unknown"),1,0) -> 0 | AQ13: =IF(OR(AN13<>"",AE13=""),"",IF(OR(AE13="TIMESTAMP",AE13="DATE"),AF13,IF(AE13="MONTH",DATE(AI13,AJ13,1),IF(AE13="YEAR",DATE(AI13,1,1),AK13)))) | AR13: =IF(OR(AN13<>"",AE13=""),"",IF(OR(AE13="TIMESTAMP",AE13="DATE"),AF13,IF(AE13="MONTH",EOMONTH(DATE(AI13,AJ13,1),0),IF(AE13="YEAR",DATE(AI13,12,31),AL13)))) | AS13: =IF(AO13=1,AF13*1440+ROUND(AG13*1440,0),"") | AT13: =IF(AP13=1,AS13-(IF(LEFT(AH13,1)="-",-1,1)*(VALUE(MID(AH13,2,2))*60+VALUE(MID(AH13,5,2)))),"") | BE13: =IF(COUNTA(AV13:BC13)=0,"",IF(AV13="","E_MISSING_INPUT",IF(AV13="TIMESTAMP",IF(OR(AW13="",AX13="",AY13=""),"E_MISSING_INPUT",IF(OR(NOT(ISNUMBER(AW13)),NOT(ISNUMBER(AX13))),"E_INVALID_DATE",IF(OR(AW13<>INT(AW13),AX13<0,AX13>=1),"E_INVALID_DATE",IF(ISNA(MATCH(AY13,nLIST_Offset,0)),"E_INVALID_UNIT","")))),IF(AV13="DATE",IF(AW13="","E_MISSING_INPUT",IF(NOT(ISNUMBER(AW13)),"E_INVALID_DATE",IF(AW13<>INT(AW13),"E_INVALID_DATE",""))),IF(AV13="MONTH",IF(OR(AZ13="",BA13=""),"E_MISSING_INPUT",IF(OR(NOT(ISNUMBER(AZ13)),NOT(ISNUMBER(BA13))),"E_INVALID_DATE",IF(OR(AZ13<1900,AZ13>9999,AZ13<>INT(AZ13),BA13<1,BA13>12,BA13<>INT(BA13)),"E_INVALID_DATE",""))),IF(AV13="YEAR",IF(AZ13="","E_MISSING_INPUT",IF(NOT(ISNUMBER(AZ13)),"E_INVALID_DATE",IF(OR(AZ13<1900,AZ13>9999,AZ13<>INT(AZ13)),"E_INVALID_DATE",""))),IF(AV13="RANGE",IF(OR(BB13="",BC13=""),"E_MISSING_INPUT",IF(OR(NOT(ISNUMBER(BB13)),NOT(ISNUMBER(BC13))),"E_INVALID_DATE",IF(OR(BB13<>INT(BB13),BC13<>INT(BC13)),"E_INVALID_DATE",IF(BB13>BC13,"E_REVERSED_BOUNDS","")))),"E_INVALID_UNIT"))))))) | BF13: =IF(AND(BE13="",AV13="TIMESTAMP"),1,0) -> 0 | BG13: =IF(AND(BF13=1,AY13<>"unknown"),1,0) -> 0 | BH13: =IF(OR(BE13<>"",AV13=""),"",IF(OR(AV13="TIMESTAMP",AV13="DATE"),AW13,IF(AV13="MONTH",DATE(AZ13,BA13,1),IF(AV13="YEAR",DATE(AZ13,1,1),BB13)))) | BI13: =IF(OR(BE13<>"",AV13=""),"",IF(OR(AV13="TIMESTAMP",AV13="DATE"),AW13,IF(AV13="MONTH",EOMONTH(DATE(AZ13,BA13,1),0),IF(AV13="YEAR",DATE(AZ13,12,31),BC13)))) | BJ13: =IF(BF13=1,AW13*1440+ROUND(AX13*1440,0),"") | BK13: =IF(BG13=1,BJ13-(IF(LEFT(AY13,1)="-",-1,1)*(VALUE(MID(AY13,2,2))*60+VALUE(MID(AY13,5,2)))),"") | BL13: =IF(D13="","",A13&"|"&B13&"|"&D13) | BM13: =IF(BL13="",0,COUNTIF(nEXP_Key,BL13)) -> 0 | BN13: =IF(D13="",IF(COUNTA(C13,E13,N13,O13)>0,"E_MISSING_INPUT",""),IF(BM13>1,"E_DUPLICATE_ID",IF(W13<>"",W13,IF(AN13<>"",AN13,BE13)))) | BO13: =IF(BN13="","",BN13&": "&SUBSTITUTE(IFERROR(INDEX(nMSG_Text,MATCH(BN13,nMSG_Code,0)),""),"[input]",IF(D13="","an Exposure_Episode_ID","the date fields required by the selected precision")))
W14: =IF(COUNTA(N14:U14)=0,"",IF(N14="","E_MISSING_INPUT",IF(N14="TIMESTAMP",IF(OR(O14="",P14="",Q14=""),"E_MISSING_INPUT",IF(OR(NOT(ISNUMBER(O14)),NOT(ISNUMBER(P14))),"E_INVALID_DATE",IF(OR(O14<>INT(O14),P14<0,P14>=1),"E_INVALID_DATE",IF(ISNA(MATCH(Q14,nLIST_Offset,0)),"E_INVALID_UNIT","")))),IF(N14="DATE",IF(O14="","E_MISSING_INPUT",IF(NOT(ISNUMBER(O14)),"E_INVALID_DATE",IF(O14<>INT(O14),"E_INVALID_DATE",""))),IF(N14="MONTH",IF(OR(R14="",S14=""),"E_MISSING_INPUT",IF(OR(NOT(ISNUMBER(R14)),NOT(ISNUMBER(S14))),"E_INVALID_DATE",IF(OR(R14<1900,R14>9999,R14<>INT(R14),S14<1,S14>12,S14<>INT(S14)),"E_INVALID_DATE",""))),IF(N14="YEAR",IF(R14="","E_MISSING_INPUT",IF(NOT(ISNUMBER(R14)),"E_INVALID_DATE",IF(OR(R14<1900,R14>9999,R14<>INT(R14)),"E_INVALID_DATE",""))),IF(N14="RANGE",IF(OR(T14="",U14=""),"E_MISSING_INPUT",IF(OR(NOT(ISNUMBER(T14)),NOT(ISNUMBER(U14))),"E_INVALID_DATE",IF(OR(T14<>INT(T14),U14<>INT(U14)),"E_INVALID_DATE",IF(T14>U14,"E_REVERSED_BOUNDS","")))),"E_INVALID_UNIT"))))))) | X14: =IF(AND(W14="",N14="TIMESTAMP"),1,0) -> 0 | Y14: =IF(AND(X14=1,Q14<>"unknown"),1,0) -> 0 | Z14: =IF(OR(W14<>"",N14=""),"",IF(OR(N14="TIMESTAMP",N14="DATE"),O14,IF(N14="MONTH",DATE(R14,S14,1),IF(N14="YEAR",DATE(R14,1,1),T14)))) | AA14: =IF(OR(W14<>"",N14=""),"",IF(OR(N14="TIMESTAMP",N14="DATE"),O14,IF(N14="MONTH",EOMONTH(DATE(R14,S14,1),0),IF(N14="YEAR",DATE(R14,12,31),U14)))) | AB14: =IF(X14=1,O14*1440+ROUND(P14*1440,0),"") | AC14: =IF(Y14=1,AB14-(IF(LEFT(Q14,1)="-",-1,1)*(VALUE(MID(Q14,2,2))*60+VALUE(MID(Q14,5,2)))),"") | AN14: =IF(COUNTA(AE14:AL14)=0,"",IF(AE14="","E_MISSING_INPUT",IF(AE14="TIMESTAMP",IF(OR(AF14="",AG14="",AH14=""),"E_MISSING_INPUT",IF(OR(NOT(ISNUMBER(AF14)),NOT(ISNUMBER(AG14))),"E_INVALID_DATE",IF(OR(AF14<>INT(AF14),AG14<0,AG14>=1),"E_INVALID_DATE",IF(ISNA(MATCH(AH14,nLIST_Offset,0)),"E_INVALID_UNIT","")))),IF(AE14="DATE",IF(AF14="","E_MISSING_INPUT",IF(NOT(ISNUMBER(AF14)),"E_INVALID_DATE",IF(AF14<>INT(AF14),"E_INVALID_DATE",""))),IF(AE14="MONTH",IF(OR(AI14="",AJ14=""),"E_MISSING_INPUT",IF(OR(NOT(ISNUMBER(AI14)),NOT(ISNUMBER(AJ14))),"E_INVALID_DATE",IF(OR(AI14<1900,AI14>9999,AI14<>INT(AI14),AJ14<1,AJ14>12,AJ14<>INT(AJ14)),"E_INVALID_DATE",""))),IF(AE14="YEAR",IF(AI14="","E_MISSING_INPUT",IF(NOT(ISNUMBER(AI14)),"E_INVALID_DATE",IF(OR(AI14<1900,AI14>9999,AI14<>INT(AI14)),"E_INVALID_DATE",""))),IF(AE14="RANGE",IF(OR(AK14="",AL14=""),"E_MISSING_INPUT",IF(OR(NOT(ISNUMBER(AK14)),NOT(ISNUMBER(AL14))),"E_INVALID_DATE",IF(OR(AK14<>INT(AK14),AL14<>INT(AL14)),"E_INVALID_DATE",IF(AK14>AL14,"E_REVERSED_BOUNDS","")))),"E_INVALID_UNIT"))))))) | AO14: =IF(AND(AN14="",AE14="TIMESTAMP"),1,0) -> 0 | AP14: =IF(AND(AO14=1,AH14<>"unknown"),1,0) -> 0 | AQ14: =IF(OR(AN14<>"",AE14=""),"",IF(OR(AE14="TIMESTAMP",AE14="DATE"),AF14,IF(AE14="MONTH",DATE(AI14,AJ14,1),IF(AE14="YEAR",DATE(AI14,1,1),AK14)))) | AR14: =IF(OR(AN14<>"",AE14=""),"",IF(OR(AE14="TIMESTAMP",AE14="DATE"),AF14,IF(AE14="MONTH",EOMONTH(DATE(AI14,AJ14,1),0),IF(AE14="YEAR",DATE(AI14,12,31),AL14)))) | AS14: =IF(AO14=1,AF14*1440+ROUND(AG14*1440,0),"") | AT14: =IF(AP14=1,AS14-(IF(LEFT(AH14,1)="-",-1,1)*(VALUE(MID(AH14,2,2))*60+VALUE(MID(AH14,5,2)))),"") | BE14: =IF(COUNTA(AV14:BC14)=0,"",IF(AV14="","E_MISSING_INPUT",IF(AV14="TIMESTAMP",IF(OR(AW14="",AX14="",AY14=""),"E_MISSING_INPUT",IF(OR(NOT(ISNUMBER(AW14)),NOT(ISNUMBER(AX14))),"E_INVALID_DATE",IF(OR(AW14<>INT(AW14),AX14<0,AX14>=1),"E_INVALID_DATE",IF(ISNA(MATCH(AY14,nLIST_Offset,0)),"E_INVALID_UNIT","")))),IF(AV14="DATE",IF(AW14="","E_MISSING_INPUT",IF(NOT(ISNUMBER(AW14)),"E_INVALID_DATE",IF(AW14<>INT(AW14),"E_INVALID_DATE",""))),IF(AV14="MONTH",IF(OR(AZ14="",BA14=""),"E_MISSING_INPUT",IF(OR(NOT(ISNUMBER(AZ14)),NOT(ISNUMBER(BA14))),"E_INVALID_DATE",IF(OR(AZ14<1900,AZ14>9999,AZ14<>INT(AZ14),BA14<1,BA14>12,BA14<>INT(BA14)),"E_INVALID_DATE",""))),IF(AV14="YEAR",IF(AZ14="","E_MISSING_INPUT",IF(NOT(ISNUMBER(AZ14)),"E_INVALID_DATE",IF(OR(AZ14<1900,AZ14>9999,AZ14<>INT(AZ14)),"E_INVALID_DATE",""))),IF(AV14="RANGE",IF(OR(BB14="",BC14=""),"E_MISSING_INPUT",IF(OR(NOT(ISNUMBER(BB14)),NOT(ISNUMBER(BC14))),"E_INVALID_DATE",IF(OR(BB14<>INT(BB14),BC14<>INT(BC14)),"E_INVALID_DATE",IF(BB14>BC14,"E_REVERSED_BOUNDS","")))),"E_INVALID_UNIT"))))))) | BF14: =IF(AND(BE14="",AV14="TIMESTAMP"),1,0) -> 0 | BG14: =IF(AND(BF14=1,AY14<>"unknown"),1,0) -> 0 | BH14: =IF(OR(BE14<>"",AV14=""),"",IF(OR(AV14="TIMESTAMP",AV14="DATE"),AW14,IF(AV14="MONTH",DATE(AZ14,BA14,1),IF(AV14="YEAR",DATE(AZ14,1,1),BB14)))) | BI14: =IF(OR(BE14<>"",AV14=""),"",IF(OR(AV14="TIMESTAMP",AV14="DATE"),AW14,IF(AV14="MONTH",EOMONTH(DATE(AZ14,BA14,1),0),IF(AV14="YEAR",DATE(AZ14,12,31),BC14)))) | BJ14: =IF(BF14=1,AW14*1440+ROUND(AX14*1440,0),"") | BK14: =IF(BG14=1,BJ14-(IF(LEFT(AY14,1)="-",-1,1)*(VALUE(MID(AY14,2,2))*60+VALUE(MID(AY14,5,2)))),"") | BL14: =IF(D14="","",A14&"|"&B14&"|"&D14) | BM14: =IF(BL14="",0,COUNTIF(nEXP_Key,BL14)) -> 0 | BN14: =IF(D14="",IF(COUNTA(C14,E14,N14,O14)>0,"E_MISSING_INPUT",""),IF(BM14>1,"E_DUPLICATE_ID",IF(W14<>"",W14,IF(AN14<>"",AN14,BE14)))) | BO14: =IF(BN14="","",BN14&": "&SUBSTITUTE(IFERROR(INDEX(nMSG_Text,MATCH(BN14,nMSG_Code,0)),""),"[input]",IF(D14="","an Exposure_Episode_ID","the date fields required by the selected precision")))
W15: =IF(COUNTA(N15:U15)=0,"",IF(N15="","E_MISSING_INPUT",IF(N15="TIMESTAMP",IF(OR(O15="",P15="",Q15=""),"E_MISSING_INPUT",IF(OR(NOT(ISNUMBER(O15)),NOT(ISNUMBER(P15))),"E_INVALID_DATE",IF(OR(O15<>INT(O15),P15<0,P15>=1),"E_INVALID_DATE",IF(ISNA(MATCH(Q15,nLIST_Offset,0)),"E_INVALID_UNIT","")))),IF(N15="DATE",IF(O15="","E_MISSING_INPUT",IF(NOT(ISNUMBER(O15)),"E_INVALID_DATE",IF(O15<>INT(O15),"E_INVALID_DATE",""))),IF(N15="MONTH",IF(OR(R15="",S15=""),"E_MISSING_INPUT",IF(OR(NOT(ISNUMBER(R15)),NOT(ISNUMBER(S15))),"E_INVALID_DATE",IF(OR(R15<1900,R15>9999,R15<>INT(R15),S15<1,S15>12,S15<>INT(S15)),"E_INVALID_DATE",""))),IF(N15="YEAR",IF(R15="","E_MISSING_INPUT",IF(NOT(ISNUMBER(R15)),"E_INVALID_DATE",IF(OR(R15<1900,R15>9999,R15<>INT(R15)),"E_INVALID_DATE",""))),IF(N15="RANGE",IF(OR(T15="",U15=""),"E_MISSING_INPUT",IF(OR(NOT(ISNUMBER(T15)),NOT(ISNUMBER(U15))),"E_INVALID_DATE",IF(OR(T15<>INT(T15),U15<>INT(U15)),"E_INVALID_DATE",IF(T15>U15,"E_REVERSED_BOUNDS","")))),"E_INVALID_UNIT"))))))) | X15: =IF(AND(W15="",N15="TIMESTAMP"),1,0) -> 0 | Y15: =IF(AND(X15=1,Q15<>"unknown"),1,0) -> 0 | Z15: =IF(OR(W15<>"",N15=""),"",IF(OR(N15="TIMESTAMP",N15="DATE"),O15,IF(N15="MONTH",DATE(R15,S15,1),IF(N15="YEAR",DATE(R15,1,1),T15)))) | AA15: =IF(OR(W15<>"",N15=""),"",IF(OR(N15="TIMESTAMP",N15="DATE"),O15,IF(N15="MONTH",EOMONTH(DATE(R15,S15,1),0),IF(N15="YEAR",DATE(R15,12,31),U15)))) | AB15: =IF(X15=1,O15*1440+ROUND(P15*1440,0),"") | AC15: =IF(Y15=1,AB15-(IF(LEFT(Q15,1)="-",-1,1)*(VALUE(MID(Q15,2,2))*60+VALUE(MID(Q15,5,2)))),"") | AN15: =IF(COUNTA(AE15:AL15)=0,"",IF(AE15="","E_MISSING_INPUT",IF(AE15="TIMESTAMP",IF(OR(AF15="",AG15="",AH15=""),"E_MISSING_INPUT",IF(OR(NOT(ISNUMBER(AF15)),NOT(ISNUMBER(AG15))),"E_INVALID_DATE",IF(OR(AF15<>INT(AF15),AG15<0,AG15>=1),"E_INVALID_DATE",IF(ISNA(MATCH(AH15,nLIST_Offset,0)),"E_INVALID_UNIT","")))),IF(AE15="DATE",IF(AF15="","E_MISSING_INPUT",IF(NOT(ISNUMBER(AF15)),"E_INVALID_DATE",IF(AF15<>INT(AF15),"E_INVALID_DATE",""))),IF(AE15="MONTH",IF(OR(AI15="",AJ15=""),"E_MISSING_INPUT",IF(OR(NOT(ISNUMBER(AI15)),NOT(ISNUMBER(AJ15))),"E_INVALID_DATE",IF(OR(AI15<1900,AI15>9999,AI15<>INT(AI15),AJ15<1,AJ15>12,AJ15<>INT(AJ15)),"E_INVALID_DATE",""))),IF(AE15="YEAR",IF(AI15="","E_MISSING_INPUT",IF(NOT(ISNUMBER(AI15)),"E_INVALID_DATE",IF(OR(AI15<1900,AI15>9999,AI15<>INT(AI15)),"E_INVALID_DATE",""))),IF(AE15="RANGE",IF(OR(AK15="",AL15=""),"E_MISSING_INPUT",IF(OR(NOT(ISNUMBER(AK15)),NOT(ISNUMBER(AL15))),"E_INVALID_DATE",IF(OR(AK15<>INT(AK15),AL15<>INT(AL15)),"E_INVALID_DATE",IF(AK15>AL15,"E_REVERSED_BOUNDS","")))),"E_INVALID_UNIT"))))))) | AO15: =IF(AND(AN15="",AE15="TIMESTAMP"),1,0) -> 0 | AP15: =IF(AND(AO15=1,AH15<>"unknown"),1,0) -> 0 | AQ15: =IF(OR(AN15<>"",AE15=""),"",IF(OR(AE15="TIMESTAMP",AE15="DATE"),AF15,IF(AE15="MONTH",DATE(AI15,AJ15,1),IF(AE15="YEAR",DATE(AI15,1,1),AK15)))) | AR15: =IF(OR(AN15<>"",AE15=""),"",IF(OR(AE15="TIMESTAMP",AE15="DATE"),AF15,IF(AE15="MONTH",EOMONTH(DATE(AI15,AJ15,1),0),IF(AE15="YEAR",DATE(AI15,12,31),AL15)))) | AS15: =IF(AO15=1,AF15*1440+ROUND(AG15*1440,0),"") | AT15: =IF(AP15=1,AS15-(IF(LEFT(AH15,1)="-",-1,1)*(VALUE(MID(AH15,2,2))*60+VALUE(MID(AH15,5,2)))),"") | BE15: =IF(COUNTA(AV15:BC15)=0,"",IF(AV15="","E_MISSING_INPUT",IF(AV15="TIMESTAMP",IF(OR(AW15="",AX15="",AY15=""),"E_MISSING_INPUT",IF(OR(NOT(ISNUMBER(AW15)),NOT(ISNUMBER(AX15))),"E_INVALID_DATE",IF(OR(AW15<>INT(AW15),AX15<0,AX15>=1),"E_INVALID_DATE",IF(ISNA(MATCH(AY15,nLIST_Offset,0)),"E_INVALID_UNIT","")))),IF(AV15="DATE",IF(AW15="","E_MISSING_INPUT",IF(NOT(ISNUMBER(AW15)),"E_INVALID_DATE",IF(AW15<>INT(AW15),"E_INVALID_DATE",""))),IF(AV15="MONTH",IF(OR(AZ15="",BA15=""),"E_MISSING_INPUT",IF(OR(NOT(ISNUMBER(AZ15)),NOT(ISNUMBER(BA15))),"E_INVALID_DATE",IF(OR(AZ15<1900,AZ15>9999,AZ15<>INT(AZ15),BA15<1,BA15>12,BA15<>INT(BA15)),"E_INVALID_DATE",""))),IF(AV15="YEAR",IF(AZ15="","E_MISSING_INPUT",IF(NOT(ISNUMBER(AZ15)),"E_INVALID_DATE",IF(OR(AZ15<1900,AZ15>9999,AZ15<>INT(AZ15)),"E_INVALID_DATE",""))),IF(AV15="RANGE",IF(OR(BB15="",BC15=""),"E_MISSING_INPUT",IF(OR(NOT(ISNUMBER(BB15)),NOT(ISNUMBER(BC15))),"E_INVALID_DATE",IF(OR(BB15<>INT(BB15),BC15<>INT(BC15)),"E_INVALID_DATE",IF(BB15>BC15,"E_REVERSED_BOUNDS","")))),"E_INVALID_UNIT"))))))) | BF15: =IF(AND(BE15="",AV15="TIMESTAMP"),1,0) -> 0 | BG15: =IF(AND(BF15=1,AY15<>"unknown"),1,0) -> 0 | BH15: =IF(OR(BE15<>"",AV15=""),"",IF(OR(AV15="TIMESTAMP",AV15="DATE"),AW15,IF(AV15="MONTH",DATE(AZ15,BA15,1),IF(AV15="YEAR",DATE(AZ15,1,1),BB15)))) | BI15: =IF(OR(BE15<>"",AV15=""),"",IF(OR(AV15="TIMESTAMP",AV15="DATE"),AW15,IF(AV15="MONTH",EOMONTH(DATE(AZ15,BA15,1),0),IF(AV15="YEAR",DATE(AZ15,12,31),BC15)))) | BJ15: =IF(BF15=1,AW15*1440+ROUND(AX15*1440,0),"") | BK15: =IF(BG15=1,BJ15-(IF(LEFT(AY15,1)="-",-1,1)*(VALUE(MID(AY15,2,2))*60+VALUE(MID(AY15,5,2)))),"") | BL15: =IF(D15="","",A15&"|"&B15&"|"&D15) | BM15: =IF(BL15="",0,COUNTIF(nEXP_Key,BL15)) -> 0 | BN15: =IF(D15="",IF(COUNTA(C15,E15,N15,O15)>0,"E_MISSING_INPUT",""),IF(BM15>1,"E_DUPLICATE_ID",IF(W15<>"",W15,IF(AN15<>"",AN15,BE15)))) | BO15: =IF(BN15="","",BN15&": "&SUBSTITUTE(IFERROR(INDEX(nMSG_Text,MATCH(BN15,nMSG_Code,0)),""),"[input]",IF(D15="","an Exposure_Episode_ID","the date fields required by the selected precision")))
W16: =IF(COUNTA(N16:U16)=0,"",IF(N16="","E_MISSING_INPUT",IF(N16="TIMESTAMP",IF(OR(O16="",P16="",Q16=""),"E_MISSING_INPUT",IF(OR(NOT(ISNUMBER(O16)),NOT(ISNUMBER(P16))),"E_INVALID_DATE",IF(OR(O16<>INT(O16),P16<0,P16>=1),"E_INVALID_DATE",IF(ISNA(MATCH(Q16,nLIST_Offset,0)),"E_INVALID_UNIT","")))),IF(N16="DATE",IF(O16="","E_MISSING_INPUT",IF(NOT(ISNUMBER(O16)),"E_INVALID_DATE",IF(O16<>INT(O16),"E_INVALID_DATE",""))),IF(N16="MONTH",IF(OR(R16="",S16=""),"E_MISSING_INPUT",IF(OR(NOT(ISNUMBER(R16)),NOT(ISNUMBER(S16))),"E_INVALID_DATE",IF(OR(R16<1900,R16>9999,R16<>INT(R16),S16<1,S16>12,S16<>INT(S16)),"E_INVALID_DATE",""))),IF(N16="YEAR",IF(R16="","E_MISSING_INPUT",IF(NOT(ISNUMBER(R16)),"E_INVALID_DATE",IF(OR(R16<1900,R16>9999,R16<>INT(R16)),"E_INVALID_DATE",""))),IF(N16="RANGE",IF(OR(T16="",U16=""),"E_MISSING_INPUT",IF(OR(NOT(ISNUMBER(T16)),NOT(ISNUMBER(U16))),"E_INVALID_DATE",IF(OR(T16<>INT(T16),U16<>INT(U16)),"E_INVALID_DATE",IF(T16>U16,"E_REVERSED_BOUNDS","")))),"E_INVALID_UNIT"))))))) | X16: =IF(AND(W16="",N16="TIMESTAMP"),1,0) -> 0 | Y16: =IF(AND(X16=1,Q16<>"unknown"),1,0) -> 0 | Z16: =IF(OR(W16<>"",N16=""),"",IF(OR(N16="TIMESTAMP",N16="DATE"),O16,IF(N16="MONTH",DATE(R16,S16,1),IF(N16="YEAR",DATE(R16,1,1),T16)))) | AA16: =IF(OR(W16<>"",N16=""),"",IF(OR(N16="TIMESTAMP",N16="DATE"),O16,IF(N16="MONTH",EOMONTH(DATE(R16,S16,1),0),IF(N16="YEAR",DATE(R16,12,31),U16)))) | AB16: =IF(X16=1,O16*1440+ROUND(P16*1440,0),"") | AC16: =IF(Y16=1,AB16-(IF(LEFT(Q16,1)="-",-1,1)*(VALUE(MID(Q16,2,2))*60+VALUE(MID(Q16,5,2)))),"") | AN16: =IF(COUNTA(AE16:AL16)=0,"",IF(AE16="","E_MISSING_INPUT",IF(AE16="TIMESTAMP",IF(OR(AF16="",AG16="",AH16=""),"E_MISSING_INPUT",IF(OR(NOT(ISNUMBER(AF16)),NOT(ISNUMBER(AG16))),"E_INVALID_DATE",IF(OR(AF16<>INT(AF16),AG16<0,AG16>=1),"E_INVALID_DATE",IF(ISNA(MATCH(AH16,nLIST_Offset,0)),"E_INVALID_UNIT","")))),IF(AE16="DATE",IF(AF16="","E_MISSING_INPUT",IF(NOT(ISNUMBER(AF16)),"E_INVALID_DATE",IF(AF16<>INT(AF16),"E_INVALID_DATE",""))),IF(AE16="MONTH",IF(OR(AI16="",AJ16=""),"E_MISSING_INPUT",IF(OR(NOT(ISNUMBER(AI16)),NOT(ISNUMBER(AJ16))),"E_INVALID_DATE",IF(OR(AI16<1900,AI16>9999,AI16<>INT(AI16),AJ16<1,AJ16>12,AJ16<>INT(AJ16)),"E_INVALID_DATE",""))),IF(AE16="YEAR",IF(AI16="","E_MISSING_INPUT",IF(NOT(ISNUMBER(AI16)),"E_INVALID_DATE",IF(OR(AI16<1900,AI16>9999,AI16<>INT(AI16)),"E_INVALID_DATE",""))),IF(AE16="RANGE",IF(OR(AK16="",AL16=""),"E_MISSING_INPUT",IF(OR(NOT(ISNUMBER(AK16)),NOT(ISNUMBER(AL16))),"E_INVALID_DATE",IF(OR(AK16<>INT(AK16),AL16<>INT(AL16)),"E_INVALID_DATE",IF(AK16>AL16,"E_REVERSED_BOUNDS","")))),"E_INVALID_UNIT"))))))) | AO16: =IF(AND(AN16="",AE16="TIMESTAMP"),1,0) -> 0 | AP16: =IF(AND(AO16=1,AH16<>"unknown"),1,0) -> 0 | AQ16: =IF(OR(AN16<>"",AE16=""),"",IF(OR(AE16="TIMESTAMP",AE16="DATE"),AF16,IF(AE16="MONTH",DATE(AI16,AJ16,1),IF(AE16="YEAR",DATE(AI16,1,1),AK16)))) | AR16: =IF(OR(AN16<>"",AE16=""),"",IF(OR(AE16="TIMESTAMP",AE16="DATE"),AF16,IF(AE16="MONTH",EOMONTH(DATE(AI16,AJ16,1),0),IF(AE16="YEAR",DATE(AI16,12,31),AL16)))) | AS16: =IF(AO16=1,AF16*1440+ROUND(AG16*1440,0),"") | AT16: =IF(AP16=1,AS16-(IF(LEFT(AH16,1)="-",-1,1)*(VALUE(MID(AH16,2,2))*60+VALUE(MID(AH16,5,2)))),"") | BE16: =IF(COUNTA(AV16:BC16)=0,"",IF(AV16="","E_MISSING_INPUT",IF(AV16="TIMESTAMP",IF(OR(AW16="",AX16="",AY16=""),"E_MISSING_INPUT",IF(OR(NOT(ISNUMBER(AW16)),NOT(ISNUMBER(AX16))),"E_INVALID_DATE",IF(OR(AW16<>INT(AW16),AX16<0,AX16>=1),"E_INVALID_DATE",IF(ISNA(MATCH(AY16,nLIST_Offset,0)),"E_INVALID_UNIT","")))),IF(AV16="DATE",IF(AW16="","E_MISSING_INPUT",IF(NOT(ISNUMBER(AW16)),"E_INVALID_DATE",IF(AW16<>INT(AW16),"E_INVALID_DATE",""))),IF(AV16="MONTH",IF(OR(AZ16="",BA16=""),"E_MISSING_INPUT",IF(OR(NOT(ISNUMBER(AZ16)),NOT(ISNUMBER(BA16))),"E_INVALID_DATE",IF(OR(AZ16<1900,AZ16>9999,AZ16<>INT(AZ16),BA16<1,BA16>12,BA16<>INT(BA16)),"E_INVALID_DATE",""))),IF(AV16="YEAR",IF(AZ16="","E_MISSING_INPUT",IF(NOT(ISNUMBER(AZ16)),"E_INVALID_DATE",IF(OR(AZ16<1900,AZ16>9999,AZ16<>INT(AZ16)),"E_INVALID_DATE",""))),IF(AV16="RANGE",IF(OR(BB16="",BC16=""),"E_MISSING_INPUT",IF(OR(NOT(ISNUMBER(BB16)),NOT(ISNUMBER(BC16))),"E_INVALID_DATE",IF(OR(BB16<>INT(BB16),BC16<>INT(BC16)),"E_INVALID_DATE",IF(BB16>BC16,"E_REVERSED_BOUNDS","")))),"E_INVALID_UNIT"))))))) | BF16: =IF(AND(BE16="",AV16="TIMESTAMP"),1,0) -> 0 | BG16: =IF(AND(BF16=1,AY16<>"unknown"),1,0) -> 0 | BH16: =IF(OR(BE16<>"",AV16=""),"",IF(OR(AV16="TIMESTAMP",AV16="DATE"),AW16,IF(AV16="MONTH",DATE(AZ16,BA16,1),IF(AV16="YEAR",DATE(AZ16,1,1),BB16)))) | BI16: =IF(OR(BE16<>"",AV16=""),"",IF(OR(AV16="TIMESTAMP",AV16="DATE"),AW16,IF(AV16="MONTH",EOMONTH(DATE(AZ16,BA16,1),0),IF(AV16="YEAR",DATE(AZ16,12,31),BC16)))) | BJ16: =IF(BF16=1,AW16*1440+ROUND(AX16*1440,0),"") | BK16: =IF(BG16=1,BJ16-(IF(LEFT(AY16,1)="-",-1,1)*(VALUE(MID(AY16,2,2))*60+VALUE(MID(AY16,5,2)))),"") | BL16: =IF(D16="","",A16&"|"&B16&"|"&D16) | BM16: =IF(BL16="",0,COUNTIF(nEXP_Key,BL16)) -> 0 | BN16: =IF(D16="",IF(COUNTA(C16,E16,N16,O16)>0,"E_MISSING_INPUT",""),IF(BM16>1,"E_DUPLICATE_ID",IF(W16<>"",W16,IF(AN16<>"",AN16,BE16)))) | BO16: =IF(BN16="","",BN16&": "&SUBSTITUTE(IFERROR(INDEX(nMSG_Text,MATCH(BN16,nMSG_Code,0)),""),"[input]",IF(D16="","an Exposure_Episode_ID","the date fields required by the selected precision")))
... W34: =IF(COUNTA(N34:U34)=0,"",IF(N34="","E_MISSING_INPUT",IF(N34="TIMESTAMP",IF(OR(O34="",P34="",Q34=""),"E_MISSING_INPUT",IF(OR(NOT(ISNUMBER(O34)),NOT(ISNUMBER(P34))),"E_INVALID_DATE",IF(OR(O34<>INT(O34),P34<0,P34>=1),"E_INVALID_DATE",IF(ISNA(MATCH(Q34,nLIST_Offset,0)),"E_INVALID_UNIT","")))),IF(N34="DATE",IF(O34="","E_MISSING_INPUT",IF(NOT(ISNUMBER(O34)),"E_INVALID_DATE",IF(O34<>INT(O34),"E_INVALID_DATE",""))),IF(N34="MONTH",IF(OR(R34="",S34=""),"E_MISSING_INPUT",IF(OR(NOT(ISNUMBER(R34)),NOT(ISNUMBER(S34))),"E_INVALID_DATE",IF(OR(R34<1900,R34>9999,R34<>INT(R34),S34<1,S34>12,S34<>INT(S34)),"E_INVALID_DATE",""))),IF(N34="YEAR",IF(R34="","E_MISSING_INPUT",IF(NOT(ISNUMBER(R34)),"E_INVALID_DATE",IF(OR(R34<1900,R34>9999,R34<>INT(R34)),"E_INVALID_DATE",""))),IF(N34="RANGE",IF(OR(T34="",U34=""),"E_MISSING_INPUT",IF(OR(NOT(ISNUMBER(T34)),NOT(ISNUMBER(U34))),"E_INVALID_DATE",IF(OR(T34<>INT(T34),U34<>INT(U34)),"E_INVALID_DATE",IF(T34>U34,"E_REVERSED_BOUNDS","")))),"E_INVALID_UNIT"))))))) | X34: =IF(AND(W34="",N34="TIMESTAMP"),1,0) -> 0 | Y34: =IF(AND(X34=1,Q34<>"unknown"),1,0) -> 0 | Z34: =IF(OR(W34<>"",N34=""),"",IF(OR(N34="TIMESTAMP",N34="DATE"),O34,IF(N34="MONTH",DATE(R34,S34,1),IF(N34="YEAR",DATE(R34,1,1),T34)))) | AA34: =IF(OR(W34<>"",N34=""),"",IF(OR(N34="TIMESTAMP",N34="DATE"),O34,IF(N34="MONTH",EOMONTH(DATE(R34,S34,1),0),IF(N34="YEAR",DATE(R34,12,31),U34)))) | AB34: =IF(X34=1,O34*1440+ROUND(P34*1440,0),"") | AC34: =IF(Y34=1,AB34-(IF(LEFT(Q34,1)="-",-1,1)*(VALUE(MID(Q34,2,2))*60+VALUE(MID(Q34,5,2)))),"") | AN34: =IF(COUNTA(AE34:AL34)=0,"",IF(AE34="","E_MISSING_INPUT",IF(AE34="TIMESTAMP",IF(OR(AF34="",AG34="",AH34=""),"E_MISSING_INPUT",IF(OR(NOT(ISNUMBER(AF34)),NOT(ISNUMBER(AG34))),"E_INVALID_DATE",IF(OR(AF34<>INT(AF34),AG34<0,AG34>=1),"E_INVALID_DATE",IF(ISNA(MATCH(AH34,nLIST_Offset,0)),"E_INVALID_UNIT","")))),IF(AE34="DATE",IF(AF34="","E_MISSING_INPUT",IF(NOT(ISNUMBER(AF34)),"E_INVALID_DATE",IF(AF34<>INT(AF34),"E_INVALID_DATE",""))),IF(AE34="MONTH",IF(OR(AI34="",AJ34=""),"E_MISSING_INPUT",IF(OR(NOT(ISNUMBER(AI34)),NOT(ISNUMBER(AJ34))),"E_INVALID_DATE",IF(OR(AI34<1900,AI34>9999,AI34<>INT(AI34),AJ34<1,AJ34>12,AJ34<>INT(AJ34)),"E_INVALID_DATE",""))),IF(AE34="YEAR",IF(AI34="","E_MISSING_INPUT",IF(NOT(ISNUMBER(AI34)),"E_INVALID_DATE",IF(OR(AI34<1900,AI34>9999,AI34<>INT(AI34)),"E_INVALID_DATE",""))),IF(AE34="RANGE",IF(OR(AK34="",AL34=""),"E_MISSING_INPUT",IF(OR(NOT(ISNUMBER(AK34)),NOT(ISNUMBER(AL34))),"E_INVALID_DATE",IF(OR(AK34<>INT(AK34),AL34<>INT(AL34)),"E_INVALID_DATE",IF(AK34>AL34,"E_REVERSED_BOUNDS","")))),"E_INVALID_UNIT"))))))) | AO34: =IF(AND(AN34="",AE34="TIMESTAMP"),1,0) -> 0 | AP34: =IF(AND(AO34=1,AH34<>"unknown"),1,0) -> 0 | AQ34: =IF(OR(AN34<>"",AE34=""),"",IF(OR(AE34="TIMESTAMP",AE34="DATE"),AF34,IF(AE34="MONTH",DATE(AI34,AJ34,1),IF(AE34="YEAR",DATE(AI34,1,1),AK34)))) | AR34: =IF(OR(AN34<>"",AE34=""),"",IF(OR(AE34="TIMESTAMP",AE34="DATE"),AF34,IF(AE34="MONTH",EOMONTH(DATE(AI34,AJ34,1),0),IF(AE34="YEAR",DATE(AI34,12,31),AL34)))) | AS34: =IF(AO34=1,AF34*1440+ROUND(AG34*1440,0),"") | AT34: =IF(AP34=1,AS34-(IF(LEFT(AH34,1)="-",-1,1)*(VALUE(MID(AH34,2,2))*60+VALUE(MID(AH34,5,2)))),"") | BE34: =IF(COUNTA(AV34:BC34)=0,"",IF(AV34="","E_MISSING_INPUT",IF(AV34="TIMESTAMP",IF(OR(AW34="",AX34="",AY34=""),"E_MISSING_INPUT",IF(OR(NOT(ISNUMBER(AW34)),NOT(ISNUMBER(AX34))),"E_INVALID_DATE",IF(OR(AW34<>INT(AW34),AX34<0,AX34>=1),"E_INVALID_DATE",IF(ISNA(MATCH(AY34,nLIST_Offset,0)),"E_INVALID_UNIT","")))),IF(AV34="DATE",IF(AW34="","E_MISSING_INPUT",IF(NOT(ISNUMBER(AW34)),"E_INVALID_DATE",IF(AW34<>INT(AW34),"E_INVALID_DATE",""))),IF(AV34="MONTH",IF(OR(AZ34="",BA34=""),"E_MISSING_INPUT",IF(OR(NOT(ISNUMBER(AZ34)),NOT(ISNUMBER(BA34))),"E_INVALID_DATE",IF(OR(AZ34<1900,AZ34>9999,AZ34<>INT(AZ34),BA34<1,BA34>12,BA34<>INT(BA34)),"E_INVALID_DATE",""))),IF(AV34="YEAR",IF(AZ34="","E_MISSING_INPUT",IF(NOT(ISNUMBER(AZ34)),"E_INVALID_DATE",IF(OR(AZ34<1900,AZ34>9999,AZ34<>INT(AZ34)),"E_INVALID_DATE",""))),IF(AV34="RANGE",IF(OR(BB34="",BC34=""),"E_MISSING_INPUT",IF(OR(NOT(ISNUMBER(BB34)),NOT(ISNUMBER(BC34))),"E_INVALID_DATE",IF(OR(BB34<>INT(BB34),BC34<>INT(BC34)),"E_INVALID_DATE",IF(BB34>BC34,"E_REVERSED_BOUNDS","")))),"E_INVALID_UNIT"))))))) | BF34: =IF(AND(BE34="",AV34="TIMESTAMP"),1,0) -> 0 | BG34: =IF(AND(BF34=1,AY34<>"unknown"),1,0) -> 0 | BH34: =IF(OR(BE34<>"",AV34=""),"",IF(OR(AV34="TIMESTAMP",AV34="DATE"),AW34,IF(AV34="MONTH",DATE(AZ34,BA34,1),IF(AV34="YEAR",DATE(AZ34,1,1),BB34)))) | BI34: =IF(OR(BE34<>"",AV34=""),"",IF(OR(AV34="TIMESTAMP",AV34="DATE"),AW34,IF(AV34="MONTH",EOMONTH(DATE(AZ34,BA34,1),0),IF(AV34="YEAR",DATE(AZ34,12,31),BC34)))) | BJ34: =IF(BF34=1,AW34*1440+ROUND(AX34*1440,0),"") | BK34: =IF(BG34=1,BJ34-(IF(LEFT(AY34,1)="-",-1,1)*(VALUE(MID(AY34,2,2))*60+VALUE(MID(AY34,5,2)))),"") | BL34: =IF(D34="","",A34&"|"&B34&"|"&D34) | BM34: =IF(BL34="",0,COUNTIF(nEXP_Key,BL34)) -> 0 | BN34: =IF(D34="",IF(COUNTA(C34,E34,N34,O34)>0,"E_MISSING_INPUT",""),IF(BM34>1,"E_DUPLICATE_ID",IF(W34<>"",W34,IF(AN34<>"",AN34,BE34)))) | BO34: =IF(BN34="","",BN34&": "&SUBSTITUTE(IFERROR(INDEX(nMSG_Text,MATCH(BN34,nMSG_Code,0)),""),"[input]",IF(D34="","an Exposure_Episode_ID","the date fields required by the selected precision")))
A35: Reserved, locked rows: fictional teaching cases EX-C01 (case version 2), EX-C04 (version 2) and EX-C28 (version 2), read by the Examples sheet. Copy rows to the yellow area with a new Case_ID to experiment.
A36: EX-C01 | B36: 2 | C36: DRUG-A | D36: EX-A | E36: Drug A (placeholder) | F36: suspect | G36: intravenous infusion | J36: First exposure to Drug A (version 2) | M36: 09:00 Drug A infusion commenced | N36: TIMESTAMP | O36: 46032 | P36: 0.375 | Q36: -05:00 | V36: Nursing chart; medication administration record | W36: =IF(COUNTA(N36:U36)=0,"",IF(N36="","E_MISSING_INPUT",IF(N36="TIMESTAMP",IF(OR(O36="",P36="",Q36=""),"E_MISSING_INPUT",IF(OR(NOT(ISNUMBER(O36)),NOT(ISNUMBER(P36))),"E_INVALID_DATE",IF(OR(O36<>INT(O36),P36<0,P36>=1),"E_INVALID_DATE",IF(ISNA(MATCH(Q36,nLIST_Offset,0)),"E_INVALID_UNIT","")))),IF(N36="DATE",IF(O36="","E_MISSING_INPUT",IF(NOT(ISNUMBER(O36)),"E_INVALID_DATE",IF(O36<>INT(O36),"E_INVALID_DATE",""))),IF(N36="MONTH",IF(OR(R36="",S36=""),"E_MISSING_INPUT",IF(OR(NOT(ISNUMBER(R36)),NOT(ISNUMBER(S36))),"E_INVALID_DATE",IF(OR(R36<1900,R36>9999,R36<>INT(R36),S36<1,S36>12,S36<>INT(S36)),"E_INVALID_DATE",""))),IF(N36="YEAR",IF(R36="","E_MISSING_INPUT",IF(NOT(ISNUMBER(R36)),"E_INVALID_DATE",IF(OR(R36<1900,R36>9999,R36<>INT(R36)),"E_INVALID_DATE",""))),IF(N36="RANGE",IF(OR(T36="",U36=""),"E_MISSING_INPUT",IF(OR(NOT(ISNUMBER(T36)),NOT(ISNUMBER(U36))),"E_INVALID_DATE",IF(OR(T36<>INT(T36),U36<>INT(U36)),"E_INVALID_DATE",IF(T36>U36,"E_REVERSED_BOUNDS","")))),"E_INVALID_UNIT"))))))) | X36: =IF(AND(W36="",N36="TIMESTAMP"),1,0) -> 1 | Y36: =IF(AND(X36=1,Q36<>"unknown"),1,0) -> 1 | Z36: =IF(OR(W36<>"",N36=""),"",IF(OR(N36="TIMESTAMP",N36="DATE"),O36,IF(N36="MONTH",DATE(R36,S36,1),IF(N36="YEAR",DATE(R36,1,1),T36)))) -> 46032 | AA36: =IF(OR(W36<>"",N36=""),"",IF(OR(N36="TIMESTAMP",N36="DATE"),O36,IF(N36="MONTH",EOMONTH(DATE(R36,S36,1),0),IF(N36="YEAR",DATE(R36,12,31),U36)))) -> 46032 | AB36: =IF(X36=1,O36*1440+ROUND(P36*1440,0),"") -> 66286620 | AC36: =IF(Y36=1,AB36-(IF(LEFT(Q36,1)="-",-1,1)*(VALUE(MID(Q36,2,2))*60+VALUE(MID(Q36,5,2)))),"") -> 66286920 | AD36: 09:16 infusion stopped, doctor called | AE36: TIMESTAMP | AF36: 46032 | AG36: 0.38611111 | AH36: -05:00 | AM36: Nursing chart | AN36: =IF(COUNTA(AE36:AL36)=0,"",IF(AE36="","E_MISSING_INPUT",IF(AE36="TIMESTAMP",IF(OR(AF36="",AG36="",AH36=""),"E_MISSING_INPUT",IF(OR(NOT(ISNUMBER(AF36)),NOT(ISNUMBER(AG36))),"E_INVALID_DATE",IF(OR(AF36<>INT(AF36),AG36<0,AG36>=1),"E_INVALID_DATE",IF(ISNA(MATCH(AH36,nLIST_Offset,0)),"E_INVALID_UNIT","")))),IF(AE36="DATE",IF(AF36="","E_MISSING_INPUT",IF(NOT(ISNUMBER(AF36)),"E_INVALID_DATE",IF(AF36<>INT(AF36),"E_INVALID_DATE",""))),IF(AE36="MONTH",IF(OR(AI36="",AJ36=""),"E_MISSING_INPUT",IF(OR(NOT(ISNUMBER(AI36)),NOT(ISNUMBER(AJ36))),"E_INVALID_DATE",IF(OR(AI36<1900,AI36>9999,AI36<>INT(AI36),AJ36<1,AJ36>12,AJ36<>INT(AJ36)),"E_INVALID_DATE",""))),IF(AE36="YEAR",IF(AI36="","E_MISSING_INPUT",IF(NOT(ISNUMBER(AI36)),"E_INVALID_DATE",IF(OR(AI36<1900,AI36>9999,AI36<>INT(AI36)),"E_INVALID_DATE",""))),IF(AE36="RANGE",IF(OR(AK36="",AL36=""),"E_MISSING_INPUT",IF(OR(NOT(ISNUMBER(AK36)),NOT(ISNUMBER(AL36))),"E_INVALID_DATE",IF(OR(AK36<>INT(AK36),AL36<>INT(AL36)),"E_INVALID_DATE",IF(AK36>AL36,"E_REVERSED_BOUNDS","")))),"E_INVALID_UNIT"))))))) | AO36: =IF(AND(AN36="",AE36="TIMESTAMP"),1,0) -> 1 | AP36: =IF(AND(AO36=1,AH36<>"unknown"),1,0) -> 1 | AQ36: =IF(OR(AN36<>"",AE36=""),"",IF(OR(AE36="TIMESTAMP",AE36="DATE"),AF36,IF(AE36="MONTH",DATE(AI36,AJ36,1),IF(AE36="YEAR",DATE(AI36,1,1),AK36)))) -> 46032 | AR36: =IF(OR(AN36<>"",AE36=""),"",IF(OR(AE36="TIMESTAMP",AE36="DATE"),AF36,IF(AE36="MONTH",EOMONTH(DATE(AI36,AJ36,1),0),IF(AE36="YEAR",DATE(AI36,12,31),AL36)))) -> 46032 | AS36: =IF(AO36=1,AF36*1440+ROUND(AG36*1440,0),"") -> 66286636 | AT36: =IF(AP36=1,AS36-(IF(LEFT(AH36,1)="-",-1,1)*(VALUE(MID(AH36,2,2))*60+VALUE(MID(AH36,5,2)))),"") -> 66286936 | BE36: =IF(COUNTA(AV36:BC36)=0,"",IF(AV36="","E_MISSING_INPUT",IF(AV36="TIMESTAMP",IF(OR(AW36="",AX36="",AY36=""),"E_MISSING_INPUT",IF(OR(NOT(ISNUMBER(AW36)),NOT(ISNUMBER(AX36))),"E_INVALID_DATE",IF(OR(AW36<>INT(AW36),AX36<0,AX36>=1),"E_INVALID_DATE",IF(ISNA(MATCH(AY36,nLIST_Offset,0)),"E_INVALID_UNIT","")))),IF(AV36="DATE",IF(AW36="","E_MISSING_INPUT",IF(NOT(ISNUMBER(AW36)),"E_INVALID_DATE",IF(AW36<>INT(AW36),"E_INVALID_DATE",""))),IF(AV36="MONTH",IF(OR(AZ36="",BA36=""),"E_MISSING_INPUT",IF(OR(NOT(ISNUMBER(AZ36)),NOT(ISNUMBER(BA36))),"E_INVALID_DATE",IF(OR(AZ36<1900,AZ36>9999,AZ36<>INT(AZ36),BA36<1,BA36>12,BA36<>INT(BA36)),"E_INVALID_DATE",""))),IF(AV36="YEAR",IF(AZ36="","E_MISSING_INPUT",IF(NOT(ISNUMBER(AZ36)),"E_INVALID_DATE",IF(OR(AZ36<1900,AZ36>9999,AZ36<>INT(AZ36)),"E_INVALID_DATE",""))),IF(AV36="RANGE",IF(OR(BB36="",BC36=""),"E_MISSING_INPUT",IF(OR(NOT(ISNUMBER(BB36)),NOT(ISNUMBER(BC36))),"E_INVALID_DATE",IF(OR(BB36<>INT(BB36),BC36<>INT(BC36)),"E_INVALID_DATE",IF(BB36>BC36,"E_REVERSED_BOUNDS","")))),"E_INVALID_UNIT"))))))) | BF36: =IF(AND(BE36="",AV36="TIMESTAMP"),1,0) -> 0 | BG36: =IF(AND(BF36=1,AY36<>"unknown"),1,0) -> 0 | BH36: =IF(OR(BE36<>"",AV36=""),"",IF(OR(AV36="TIMESTAMP",AV36="DATE"),AW36,IF(AV36="MONTH",DATE(AZ36,BA36,1),IF(AV36="YEAR",DATE(AZ36,1,1),BB36)))) | BI36: =IF(OR(BE36<>"",AV36=""),"",IF(OR(AV36="TIMESTAMP",AV36="DATE"),AW36,IF(AV36="MONTH",EOMONTH(DATE(AZ36,BA36,1),0),IF(AV36="YEAR",DATE(AZ36,12,31),BC36)))) | BJ36: =IF(BF36=1,AW36*1440+ROUND(AX36*1440,0),"") | BK36: =IF(BG36=1,BJ36-(IF(LEFT(AY36,1)="-",-1,1)*(VALUE(MID(AY36,2,2))*60+VALUE(MID(AY36,5,2)))),"") | BL36: =IF(D36="","",A36&"|"&B36&"|"&D36) -> EX-C01|2|EX-A | BM36: =IF(BL36="",0,COUNTIF(nEXP_Key,BL36)) -> 1 | BN36: =IF(D36="",IF(COUNTA(C36,E36,N36,O36)>0,"E_MISSING_INPUT",""),IF(BM36>1,"E_DUPLICATE_ID",IF(W36<>"",W36,IF(AN36<>"",AN36,BE36)))) | BO36: =IF(BN36="","",BN36&": "&SUBSTITUTE(IFERROR(INDEX(nMSG_Text,MATCH(BN36,nMSG_Code,0)),""),"[input]",IF(D36="","an Exposure_Episode_ID","the date fields required by the selected precision")))
A37: EX-C01 | B37: 2 | C37: DRUG-B | D37: EX-B | E37: Drug B (placeholder) | F37: concomitant | G37: intravenous infusion, same cannula | J37: Previous courses, dates unknown (version 2) | M37: Drug B IV given earlier this morning via same cannula | N37: TIMESTAMP | O37: 46032 | P37: 0.34722222 | Q37: -05:00 | V37: Follow-up, version 2 | W37: =IF(COUNTA(N37:U37)=0,"",IF(N37="","E_MISSING_INPUT",IF(N37="TIMESTAMP",IF(OR(O37="",P37="",Q37=""),"E_MISSING_INPUT",IF(OR(NOT(ISNUMBER(O37)),NOT(ISNUMBER(P37))),"E_INVALID_DATE",IF(OR(O37<>INT(O37),P37<0,P37>=1),"E_INVALID_DATE",IF(ISNA(MATCH(Q37,nLIST_Offset,0)),"E_INVALID_UNIT","")))),IF(N37="DATE",IF(O37="","E_MISSING_INPUT",IF(NOT(ISNUMBER(O37)),"E_INVALID_DATE",IF(O37<>INT(O37),"E_INVALID_DATE",""))),IF(N37="MONTH",IF(OR(R37="",S37=""),"E_MISSING_INPUT",IF(OR(NOT(ISNUMBER(R37)),NOT(ISNUMBER(S37))),"E_INVALID_DATE",IF(OR(R37<1900,R37>9999,R37<>INT(R37),S37<1,S37>12,S37<>INT(S37)),"E_INVALID_DATE",""))),IF(N37="YEAR",IF(R37="","E_MISSING_INPUT",IF(NOT(ISNUMBER(R37)),"E_INVALID_DATE",IF(OR(R37<1900,R37>9999,R37<>INT(R37)),"E_INVALID_DATE",""))),IF(N37="RANGE",IF(OR(T37="",U37=""),"E_MISSING_INPUT",IF(OR(NOT(ISNUMBER(T37)),NOT(ISNUMBER(U37))),"E_INVALID_DATE",IF(OR(T37<>INT(T37),U37<>INT(U37)),"E_INVALID_DATE",IF(T37>U37,"E_REVERSED_BOUNDS","")))),"E_INVALID_UNIT"))))))) | X37: =IF(AND(W37="",N37="TIMESTAMP"),1,0) -> 1 | Y37: =IF(AND(X37=1,Q37<>"unknown"),1,0) -> 1 | Z37: =IF(OR(W37<>"",N37=""),"",IF(OR(N37="TIMESTAMP",N37="DATE"),O37,IF(N37="MONTH",DATE(R37,S37,1),IF(N37="YEAR",DATE(R37,1,1),T37)))) -> 46032 | AA37: =IF(OR(W37<>"",N37=""),"",IF(OR(N37="TIMESTAMP",N37="DATE"),O37,IF(N37="MONTH",EOMONTH(DATE(R37,S37,1),0),IF(N37="YEAR",DATE(R37,12,31),U37)))) -> 46032 | AB37: =IF(X37=1,O37*1440+ROUND(P37*1440,0),"") -> 66286580 | AC37: =IF(Y37=1,AB37-(IF(LEFT(Q37,1)="-",-1,1)*(VALUE(MID(Q37,2,2))*60+VALUE(MID(Q37,5,2)))),"") -> 66286880 | AD37: Drug B infusion ended 08:50 | AE37: TIMESTAMP | AF37: 46032 | AG37: 0.36805556 | AH37: -05:00 | AM37: Follow-up, version 2 | AN37: =IF(COUNTA(AE37:AL37)=0,"",IF(AE37="","E_MISSING_INPUT",IF(AE37="TIMESTAMP",IF(OR(AF37="",AG37="",AH37=""),"E_MISSING_INPUT",IF(OR(NOT(ISNUMBER(AF37)),NOT(ISNUMBER(AG37))),"E_INVALID_DATE",IF(OR(AF37<>INT(AF37),AG37<0,AG37>=1),"E_INVALID_DATE",IF(ISNA(MATCH(AH37,nLIST_Offset,0)),"E_INVALID_UNIT","")))),IF(AE37="DATE",IF(AF37="","E_MISSING_INPUT",IF(NOT(ISNUMBER(AF37)),"E_INVALID_DATE",IF(AF37<>INT(AF37),"E_INVALID_DATE",""))),IF(AE37="MONTH",IF(OR(AI37="",AJ37=""),"E_MISSING_INPUT",IF(OR(NOT(ISNUMBER(AI37)),NOT(ISNUMBER(AJ37))),"E_INVALID_DATE",IF(OR(AI37<1900,AI37>9999,AI37<>INT(AI37),AJ37<1,AJ37>12,AJ37<>INT(AJ37)),"E_INVALID_DATE",""))),IF(AE37="YEAR",IF(AI37="","E_MISSING_INPUT",IF(NOT(ISNUMBER(AI37)),"E_INVALID_DATE",IF(OR(AI37<1900,AI37>9999,AI37<>INT(AI37)),"E_INVALID_DATE",""))),IF(AE37="RANGE",IF(OR(AK37="",AL37=""),"E_MISSING_INPUT",IF(OR(NOT(ISNUMBER(AK37)),NOT(ISNUMBER(AL37))),"E_INVALID_DATE",IF(OR(AK37<>INT(AK37),AL37<>INT(AL37)),"E_INVALID_DATE",IF(AK37>AL37,"E_REVERSED_BOUNDS","")))),"E_INVALID_UNIT"))))))) | AO37: =IF(AND(AN37="",AE37="TIMESTAMP"),1,0) -> 1 | AP37: =IF(AND(AO37=1,AH37<>"unknown"),1,0) -> 1 | AQ37: =IF(OR(AN37<>"",AE37=""),"",IF(OR(AE37="TIMESTAMP",AE37="DATE"),AF37,IF(AE37="MONTH",DATE(AI37,AJ37,1),IF(AE37="YEAR",DATE(AI37,1,1),AK37)))) -> 46032 | AR37: =IF(OR(AN37<>"",AE37=""),"",IF(OR(AE37="TIMESTAMP",AE37="DATE"),AF37,IF(AE37="MONTH",EOMONTH(DATE(AI37,AJ37,1),0),IF(AE37="YEAR",DATE(AI37,12,31),AL37)))) -> 46032 | AS37: =IF(AO37=1,AF37*1440+ROUND(AG37*1440,0),"") -> 66286610 | AT37: =IF(AP37=1,AS37-(IF(LEFT(AH37,1)="-",-1,1)*(VALUE(MID(AH37,2,2))*60+VALUE(MID(AH37,5,2)))),"") -> 66286910 | BE37: =IF(COUNTA(AV37:BC37)=0,"",IF(AV37="","E_MISSING_INPUT",IF(AV37="TIMESTAMP",IF(OR(AW37="",AX37="",AY37=""),"E_MISSING_INPUT",IF(OR(NOT(ISNUMBER(AW37)),NOT(ISNUMBER(AX37))),"E_INVALID_DATE",IF(OR(AW37<>INT(AW37),AX37<0,AX37>=1),"E_INVALID_DATE",IF(ISNA(MATCH(AY37,nLIST_Offset,0)),"E_INVALID_UNIT","")))),IF(AV37="DATE",IF(AW37="","E_MISSING_INPUT",IF(NOT(ISNUMBER(AW37)),"E_INVALID_DATE",IF(AW37<>INT(AW37),"E_INVALID_DATE",""))),IF(AV37="MONTH",IF(OR(AZ37="",BA37=""),"E_MISSING_INPUT",IF(OR(NOT(ISNUMBER(AZ37)),NOT(ISNUMBER(BA37))),"E_INVALID_DATE",IF(OR(AZ37<1900,AZ37>9999,AZ37<>INT(AZ37),BA37<1,BA37>12,BA37<>INT(BA37)),"E_INVALID_DATE",""))),IF(AV37="YEAR",IF(AZ37="","E_MISSING_INPUT",IF(NOT(ISNUMBER(AZ37)),"E_INVALID_DATE",IF(OR(AZ37<1900,AZ37>9999,AZ37<>INT(AZ37)),"E_INVALID_DATE",""))),IF(AV37="RANGE",IF(OR(BB37="",BC37=""),"E_MISSING_INPUT",IF(OR(NOT(ISNUMBER(BB37)),NOT(ISNUMBER(BC37))),"E_INVALID_DATE",IF(OR(BB37<>INT(BB37),BC37<>INT(BC37)),"E_INVALID_DATE",IF(BB37>BC37,"E_REVERSED_BOUNDS","")))),"E_INVALID_UNIT"))))))) | BF37: =IF(AND(BE37="",AV37="TIMESTAMP"),1,0) -> 0 | BG37: =IF(AND(BF37=1,AY37<>"unknown"),1,0) -> 0 | BH37: =IF(OR(BE37<>"",AV37=""),"",IF(OR(AV37="TIMESTAMP",AV37="DATE"),AW37,IF(AV37="MONTH",DATE(AZ37,BA37,1),IF(AV37="YEAR",DATE(AZ37,1,1),BB37)))) | BI37: =IF(OR(BE37<>"",AV37=""),"",IF(OR(AV37="TIMESTAMP",AV37="DATE"),AW37,IF(AV37="MONTH",EOMONTH(DATE(AZ37,BA37,1),0),IF(AV37="YEAR",DATE(AZ37,12,31),BC37)))) | BJ37: =IF(BF37=1,AW37*1440+ROUND(AX37*1440,0),"") | BK37: =IF(BG37=1,BJ37-(IF(LEFT(AY37,1)="-",-1,1)*(VALUE(MID(AY37,2,2))*60+VALUE(MID(AY37,5,2)))),"") | BL37: =IF(D37="","",A37&"|"&B37&"|"&D37) -> EX-C01|2|EX-B | BM37: =IF(BL37="",0,COUNTIF(nEXP_Key,BL37)) -> 1 | BN37: =IF(D37="",IF(COUNTA(C37,E37,N37,O37)>0,"E_MISSING_INPUT",""),IF(BM37>1,"E_DUPLICATE_ID",IF(W37<>"",W37,IF(AN37<>"",AN37,BE37)))) | BO37: =IF(BN37="","",BN37&": "&SUBSTITUTE(IFERROR(INDEX(nMSG_Text,MATCH(BN37,nMSG_Code,0)),""),"[input]",IF(D37="","an Exposure_Episode_ID","the date fields required by the selected precision")))
A38: EX-C01 | B38: 2 | C38: ANTISEPTIC | D38: EX-AS | E38: Skin antiseptic (concomitant material) | F38: concomitant | G38: topical, at cannulation | M38: Antiseptic applied at cannulation | N38: TIMESTAMP | O38: 46032 | P38: 0.34375 | Q38: -05:00 | V38: Follow-up, version 2 | W38: =IF(COUNTA(N38:U38)=0,"",IF(N38="","E_MISSING_INPUT",IF(N38="TIMESTAMP",IF(OR(O38="",P38="",Q38=""),"E_MISSING_INPUT",IF(OR(NOT(ISNUMBER(O38)),NOT(ISNUMBER(P38))),"E_INVALID_DATE",IF(OR(O38<>INT(O38),P38<0,P38>=1),"E_INVALID_DATE",IF(ISNA(MATCH(Q38,nLIST_Offset,0)),"E_INVALID_UNIT","")))),IF(N38="DATE",IF(O38="","E_MISSING_INPUT",IF(NOT(ISNUMBER(O38)),"E_INVALID_DATE",IF(O38<>INT(O38),"E_INVALID_DATE",""))),IF(N38="MONTH",IF(OR(R38="",S38=""),"E_MISSING_INPUT",IF(OR(NOT(ISNUMBER(R38)),NOT(ISNUMBER(S38))),"E_INVALID_DATE",IF(OR(R38<1900,R38>9999,R38<>INT(R38),S38<1,S38>12,S38<>INT(S38)),"E_INVALID_DATE",""))),IF(N38="YEAR",IF(R38="","E_MISSING_INPUT",IF(NOT(ISNUMBER(R38)),"E_INVALID_DATE",IF(OR(R38<1900,R38>9999,R38<>INT(R38)),"E_INVALID_DATE",""))),IF(N38="RANGE",IF(OR(T38="",U38=""),"E_MISSING_INPUT",IF(OR(NOT(ISNUMBER(T38)),NOT(ISNUMBER(U38))),"E_INVALID_DATE",IF(OR(T38<>INT(T38),U38<>INT(U38)),"E_INVALID_DATE",IF(T38>U38,"E_REVERSED_BOUNDS","")))),"E_INVALID_UNIT"))))))) | X38: =IF(AND(W38="",N38="TIMESTAMP"),1,0) -> 1 | Y38: =IF(AND(X38=1,Q38<>"unknown"),1,0) -> 1 | Z38: =IF(OR(W38<>"",N38=""),"",IF(OR(N38="TIMESTAMP",N38="DATE"),O38,IF(N38="MONTH",DATE(R38,S38,1),IF(N38="YEAR",DATE(R38,1,1),T38)))) -> 46032 | AA38: =IF(OR(W38<>"",N38=""),"",IF(OR(N38="TIMESTAMP",N38="DATE"),O38,IF(N38="MONTH",EOMONTH(DATE(R38,S38,1),0),IF(N38="YEAR",DATE(R38,12,31),U38)))) -> 46032 | AB38: =IF(X38=1,O38*1440+ROUND(P38*1440,0),"") -> 66286575 | AC38: =IF(Y38=1,AB38-(IF(LEFT(Q38,1)="-",-1,1)*(VALUE(MID(Q38,2,2))*60+VALUE(MID(Q38,5,2)))),"") -> 66286875 | AN38: =IF(COUNTA(AE38:AL38)=0,"",IF(AE38="","E_MISSING_INPUT",IF(AE38="TIMESTAMP",IF(OR(AF38="",AG38="",AH38=""),"E_MISSING_INPUT",IF(OR(NOT(ISNUMBER(AF38)),NOT(ISNUMBER(AG38))),"E_INVALID_DATE",IF(OR(AF38<>INT(AF38),AG38<0,AG38>=1),"E_INVALID_DATE",IF(ISNA(MATCH(AH38,nLIST_Offset,0)),"E_INVALID_UNIT","")))),IF(AE38="DATE",IF(AF38="","E_MISSING_INPUT",IF(NOT(ISNUMBER(AF38)),"E_INVALID_DATE",IF(AF38<>INT(AF38),"E_INVALID_DATE",""))),IF(AE38="MONTH",IF(OR(AI38="",AJ38=""),"E_MISSING_INPUT",IF(OR(NOT(ISNUMBER(AI38)),NOT(ISNUMBER(AJ38))),"E_INVALID_DATE",IF(OR(AI38<1900,AI38>9999,AI38<>INT(AI38),AJ38<1,AJ38>12,AJ38<>INT(AJ38)),"E_INVALID_DATE",""))),IF(AE38="YEAR",IF(AI38="","E_MISSING_INPUT",IF(NOT(ISNUMBER(AI38)),"E_INVALID_DATE",IF(OR(AI38<1900,AI38>9999,AI38<>INT(AI38)),"E_INVALID_DATE",""))),IF(AE38="RANGE",IF(OR(AK38="",AL38=""),"E_MISSING_INPUT",IF(OR(NOT(ISNUMBER(AK38)),NOT(ISNUMBER(AL38))),"E_INVALID_DATE",IF(OR(AK38<>INT(AK38),AL38<>INT(AL38)),"E_INVALID_DATE",IF(AK38>AL38,"E_REVERSED_BOUNDS","")))),"E_INVALID_UNIT"))))))) | AO38: =IF(AND(AN38="",AE38="TIMESTAMP"),1,0) -> 0 | AP38: =IF(AND(AO38=1,AH38<>"unknown"),1,0) -> 0 | AQ38: =IF(OR(AN38<>"",AE38=""),"",IF(OR(AE38="TIMESTAMP",AE38="DATE"),AF38,IF(AE38="MONTH",DATE(AI38,AJ38,1),IF(AE38="YEAR",DATE(AI38,1,1),AK38)))) | AR38: =IF(OR(AN38<>"",AE38=""),"",IF(OR(AE38="TIMESTAMP",AE38="DATE"),AF38,IF(AE38="MONTH",EOMONTH(DATE(AI38,AJ38,1),0),IF(AE38="YEAR",DATE(AI38,12,31),AL38)))) | AS38: =IF(AO38=1,AF38*1440+ROUND(AG38*1440,0),"") | AT38: =IF(AP38=1,AS38-(IF(LEFT(AH38,1)="-",-1,1)*(VALUE(MID(AH38,2,2))*60+VALUE(MID(AH38,5,2)))),"") | BE38: =IF(COUNTA(AV38:BC38)=0,"",IF(AV38="","E_MISSING_INPUT",IF(AV38="TIMESTAMP",IF(OR(AW38="",AX38="",AY38=""),"E_MISSING_INPUT",IF(OR(NOT(ISNUMBER(AW38)),NOT(ISNUMBER(AX38))),"E_INVALID_DATE",IF(OR(AW38<>INT(AW38),AX38<0,AX38>=1),"E_INVALID_DATE",IF(ISNA(MATCH(AY38,nLIST_Offset,0)),"E_INVALID_UNIT","")))),IF(AV38="DATE",IF(AW38="","E_MISSING_INPUT",IF(NOT(ISNUMBER(AW38)),"E_INVALID_DATE",IF(AW38<>INT(AW38),"E_INVALID_DATE",""))),IF(AV38="MONTH",IF(OR(AZ38="",BA38=""),"E_MISSING_INPUT",IF(OR(NOT(ISNUMBER(AZ38)),NOT(ISNUMBER(BA38))),"E_INVALID_DATE",IF(OR(AZ38<1900,AZ38>9999,AZ38<>INT(AZ38),BA38<1,BA38>12,BA38<>INT(BA38)),"E_INVALID_DATE",""))),IF(AV38="YEAR",IF(AZ38="","E_MISSING_INPUT",IF(NOT(ISNUMBER(AZ38)),"E_INVALID_DATE",IF(OR(AZ38<1900,AZ38>9999,AZ38<>INT(AZ38)),"E_INVALID_DATE",""))),IF(AV38="RANGE",IF(OR(BB38="",BC38=""),"E_MISSING_INPUT",IF(OR(NOT(ISNUMBER(BB38)),NOT(ISNUMBER(BC38))),"E_INVALID_DATE",IF(OR(BB38<>INT(BB38),BC38<>INT(BC38)),"E_INVALID_DATE",IF(BB38>BC38,"E_REVERSED_BOUNDS","")))),"E_INVALID_UNIT"))))))) | BF38: =IF(AND(BE38="",AV38="TIMESTAMP"),1,0) -> 0 | BG38: =IF(AND(BF38=1,AY38<>"unknown"),1,0) -> 0 | BH38: =IF(OR(BE38<>"",AV38=""),"",IF(OR(AV38="TIMESTAMP",AV38="DATE"),AW38,IF(AV38="MONTH",DATE(AZ38,BA38,1),IF(AV38="YEAR",DATE(AZ38,1,1),BB38)))) | BI38: =IF(OR(BE38<>"",AV38=""),"",IF(OR(AV38="TIMESTAMP",AV38="DATE"),AW38,IF(AV38="MONTH",EOMONTH(DATE(AZ38,BA38,1),0),IF(AV38="YEAR",DATE(AZ38,12,31),BC38)))) | BJ38: =IF(BF38=1,AW38*1440+ROUND(AX38*1440,0),"") | BK38: =IF(BG38=1,BJ38-(IF(LEFT(AY38,1)="-",-1,1)*(VALUE(MID(AY38,2,2))*60+VALUE(MID(AY38,5,2)))),"") | BL38: =IF(D38="","",A38&"|"&B38&"|"&D38) -> EX-C01|2|EX-AS | BM38: =IF(BL38="",0,COUNTIF(nEXP_Key,BL38)) -> 1 | BN38: =IF(D38="",IF(COUNTA(C38,E38,N38,O38)>0,"E_MISSING_INPUT",""),IF(BM38>1,"E_DUPLICATE_ID",IF(W38<>"",W38,IF(AN38<>"",AN38,BE38)))) | BO38: =IF(BN38="","",BN38&": "&SUBSTITUTE(IFERROR(INDEX(nMSG_Text,MATCH(BN38,nMSG_Code,0)),""),"[input]",IF(D38="","an Exposure_Episode_ID","the date fields required by the selected precision")))
A39: EX-C04 | B39: 2 | C39: DIGOXIN | D39: EX-DIG | E39: Digoxin tablets | F39: suspect | G39: oral | H39: 125 | I39: micrograms | J39: 125 micrograms each morning since 1 January 2026, dose never changed | M39: digoxin 125 micrograms each morning since 1 January 2026 | N39: DATE | O39: 46023 | V39: GP letter (version 2) | W39: =IF(COUNTA(N39:U39)=0,"",IF(N39="","E_MISSING_INPUT",IF(N39="TIMESTAMP",IF(OR(O39="",P39="",Q39=""),"E_MISSING_INPUT",IF(OR(NOT(ISNUMBER(O39)),NOT(ISNUMBER(P39))),"E_INVALID_DATE",IF(OR(O39<>INT(O39),P39<0,P39>=1),"E_INVALID_DATE",IF(ISNA(MATCH(Q39,nLIST_Offset,0)),"E_INVALID_UNIT","")))),IF(N39="DATE",IF(O39="","E_MISSING_INPUT",IF(NOT(ISNUMBER(O39)),"E_INVALID_DATE",IF(O39<>INT(O39),"E_INVALID_DATE",""))),IF(N39="MONTH",IF(OR(R39="",S39=""),"E_MISSING_INPUT",IF(OR(NOT(ISNUMBER(R39)),NOT(ISNUMBER(S39))),"E_INVALID_DATE",IF(OR(R39<1900,R39>9999,R39<>INT(R39),S39<1,S39>12,S39<>INT(S39)),"E_INVALID_DATE",""))),IF(N39="YEAR",IF(R39="","E_MISSING_INPUT",IF(NOT(ISNUMBER(R39)),"E_INVALID_DATE",IF(OR(R39<1900,R39>9999,R39<>INT(R39)),"E_INVALID_DATE",""))),IF(N39="RANGE",IF(OR(T39="",U39=""),"E_MISSING_INPUT",IF(OR(NOT(ISNUMBER(T39)),NOT(ISNUMBER(U39))),"E_INVALID_DATE",IF(OR(T39<>INT(T39),U39<>INT(U39)),"E_INVALID_DATE",IF(T39>U39,"E_REVERSED_BOUNDS","")))),"E_INVALID_UNIT"))))))) | X39: =IF(AND(W39="",N39="TIMESTAMP"),1,0) -> 0 | Y39: =IF(AND(X39=1,Q39<>"unknown"),1,0) -> 0 | Z39: =IF(OR(W39<>"",N39=""),"",IF(OR(N39="TIMESTAMP",N39="DATE"),O39,IF(N39="MONTH",DATE(R39,S39,1),IF(N39="YEAR",DATE(R39,1,1),T39)))) -> 46023 | AA39: =IF(OR(W39<>"",N39=""),"",IF(OR(N39="TIMESTAMP",N39="DATE"),O39,IF(N39="MONTH",EOMONTH(DATE(R39,S39,1),0),IF(N39="YEAR",DATE(R39,12,31),U39)))) -> 46023 | AB39: =IF(X39=1,O39*1440+ROUND(P39*1440,0),"") | AC39: =IF(Y39=1,AB39-(IF(LEFT(Q39,1)="-",-1,1)*(VALUE(MID(Q39,2,2))*60+VALUE(MID(Q39,5,2)))),"") | AD39: Digoxin and ibuprofen withheld (5 July) | AE39: DATE | AF39: 46208 | AM39: Emergency department note | AN39: =IF(COUNTA(AE39:AL39)=0,"",IF(AE39="","E_MISSING_INPUT",IF(AE39="TIMESTAMP",IF(OR(AF39="",AG39="",AH39=""),"E_MISSING_INPUT",IF(OR(NOT(ISNUMBER(AF39)),NOT(ISNUMBER(AG39))),"E_INVALID_DATE",IF(OR(AF39<>INT(AF39),AG39<0,AG39>=1),"E_INVALID_DATE",IF(ISNA(MATCH(AH39,nLIST_Offset,0)),"E_INVALID_UNIT","")))),IF(AE39="DATE",IF(AF39="","E_MISSING_INPUT",IF(NOT(ISNUMBER(AF39)),"E_INVALID_DATE",IF(AF39<>INT(AF39),"E_INVALID_DATE",""))),IF(AE39="MONTH",IF(OR(AI39="",AJ39=""),"E_MISSING_INPUT",IF(OR(NOT(ISNUMBER(AI39)),NOT(ISNUMBER(AJ39))),"E_INVALID_DATE",IF(OR(AI39<1900,AI39>9999,AI39<>INT(AI39),AJ39<1,AJ39>12,AJ39<>INT(AJ39)),"E_INVALID_DATE",""))),IF(AE39="YEAR",IF(AI39="","E_MISSING_INPUT",IF(NOT(ISNUMBER(AI39)),"E_INVALID_DATE",IF(OR(AI39<1900,AI39>9999,AI39<>INT(AI39)),"E_INVALID_DATE",""))),IF(AE39="RANGE",IF(OR(AK39="",AL39=""),"E_MISSING_INPUT",IF(OR(NOT(ISNUMBER(AK39)),NOT(ISNUMBER(AL39))),"E_INVALID_DATE",IF(OR(AK39<>INT(AK39),AL39<>INT(AL39)),"E_INVALID_DATE",IF(AK39>AL39,"E_REVERSED_BOUNDS","")))),"E_INVALID_UNIT"))))))) | AO39: =IF(AND(AN39="",AE39="TIMESTAMP"),1,0) -> 0 | AP39: =IF(AND(AO39=1,AH39<>"unknown"),1,0) -> 0 | AQ39: =IF(OR(AN39<>"",AE39=""),"",IF(OR(AE39="TIMESTAMP",AE39="DATE"),AF39,IF(AE39="MONTH",DATE(AI39,AJ39,1),IF(AE39="YEAR",DATE(AI39,1,1),AK39)))) -> 46208 | AR39: =IF(OR(AN39<>"",AE39=""),"",IF(OR(AE39="TIMESTAMP",AE39="DATE"),AF39,IF(AE39="MONTH",EOMONTH(DATE(AI39,AJ39,1),0),IF(AE39="YEAR",DATE(AI39,12,31),AL39)))) -> 46208 | AS39: =IF(AO39=1,AF39*1440+ROUND(AG39*1440,0),"") | AT39: =IF(AP39=1,AS39-(IF(LEFT(AH39,1)="-",-1,1)*(VALUE(MID(AH39,2,2))*60+VALUE(MID(AH39,5,2)))),"") | BE39: =IF(COUNTA(AV39:BC39)=0,"",IF(AV39="","E_MISSING_INPUT",IF(AV39="TIMESTAMP",IF(OR(AW39="",AX39="",AY39=""),"E_MISSING_INPUT",IF(OR(NOT(ISNUMBER(AW39)),NOT(ISNUMBER(AX39))),"E_INVALID_DATE",IF(OR(AW39<>INT(AW39),AX39<0,AX39>=1),"E_INVALID_DATE",IF(ISNA(MATCH(AY39,nLIST_Offset,0)),"E_INVALID_UNIT","")))),IF(AV39="DATE",IF(AW39="","E_MISSING_INPUT",IF(NOT(ISNUMBER(AW39)),"E_INVALID_DATE",IF(AW39<>INT(AW39),"E_INVALID_DATE",""))),IF(AV39="MONTH",IF(OR(AZ39="",BA39=""),"E_MISSING_INPUT",IF(OR(NOT(ISNUMBER(AZ39)),NOT(ISNUMBER(BA39))),"E_INVALID_DATE",IF(OR(AZ39<1900,AZ39>9999,AZ39<>INT(AZ39),BA39<1,BA39>12,BA39<>INT(BA39)),"E_INVALID_DATE",""))),IF(AV39="YEAR",IF(AZ39="","E_MISSING_INPUT",IF(NOT(ISNUMBER(AZ39)),"E_INVALID_DATE",IF(OR(AZ39<1900,AZ39>9999,AZ39<>INT(AZ39)),"E_INVALID_DATE",""))),IF(AV39="RANGE",IF(OR(BB39="",BC39=""),"E_MISSING_INPUT",IF(OR(NOT(ISNUMBER(BB39)),NOT(ISNUMBER(BC39))),"E_INVALID_DATE",IF(OR(BB39<>INT(BB39),BC39<>INT(BC39)),"E_INVALID_DATE",IF(BB39>BC39,"E_REVERSED_BOUNDS","")))),"E_INVALID_UNIT"))))))) | BF39: =IF(AND(BE39="",AV39="TIMESTAMP"),1,0) -> 0 | BG39: =IF(AND(BF39=1,AY39<>"unknown"),1,0) -> 0 | BH39: =IF(OR(BE39<>"",AV39=""),"",IF(OR(AV39="TIMESTAMP",AV39="DATE"),AW39,IF(AV39="MONTH",DATE(AZ39,BA39,1),IF(AV39="YEAR",DATE(AZ39,1,1),BB39)))) | BI39: =IF(OR(BE39<>"",AV39=""),"",IF(OR(AV39="TIMESTAMP",AV39="DATE"),AW39,IF(AV39="MONTH",EOMONTH(DATE(AZ39,BA39,1),0),IF(AV39="YEAR",DATE(AZ39,12,31),BC39)))) | BJ39: =IF(BF39=1,AW39*1440+ROUND(AX39*1440,0),"") | BK39: =IF(BG39=1,BJ39-(IF(LEFT(AY39,1)="-",-1,1)*(VALUE(MID(AY39,2,2))*60+VALUE(MID(AY39,5,2)))),"") | BL39: =IF(D39="","",A39&"|"&B39&"|"&D39) -> EX-C04|2|EX-DIG | BM39: =IF(BL39="",0,COUNTIF(nEXP_Key,BL39)) -> 1 | BN39: =IF(D39="",IF(COUNTA(C39,E39,N39,O39)>0,"E_MISSING_INPUT",""),IF(BM39>1,"E_DUPLICATE_ID",IF(W39<>"",W39,IF(AN39<>"",AN39,BE39)))) | BO39: =IF(BN39="","",BN39&": "&SUBSTITUTE(IFERROR(INDEX(nMSG_Text,MATCH(BN39,nMSG_Code,0)),""),"[input]",IF(D39="","an Exposure_Episode_ID","the date fields required by the selected precision")))
A40: EX-C04 | B40: 2 | C40: IBUPROFEN | D40: EX-IBU | E40: Ibuprofen | F40: interacting | G40: oral | H40: 400 | I40: mg | J40: 400 mg three times a day for back pain | M40: Bought ibuprofen ... on 26 June | N40: DATE | O40: 46199 | V40: GP letter (version 2) | W40: =IF(COUNTA(N40:U40)=0,"",IF(N40="","E_MISSING_INPUT",IF(N40="TIMESTAMP",IF(OR(O40="",P40="",Q40=""),"E_MISSING_INPUT",IF(OR(NOT(ISNUMBER(O40)),NOT(ISNUMBER(P40))),"E_INVALID_DATE",IF(OR(O40<>INT(O40),P40<0,P40>=1),"E_INVALID_DATE",IF(ISNA(MATCH(Q40,nLIST_Offset,0)),"E_INVALID_UNIT","")))),IF(N40="DATE",IF(O40="","E_MISSING_INPUT",IF(NOT(ISNUMBER(O40)),"E_INVALID_DATE",IF(O40<>INT(O40),"E_INVALID_DATE",""))),IF(N40="MONTH",IF(OR(R40="",S40=""),"E_MISSING_INPUT",IF(OR(NOT(ISNUMBER(R40)),NOT(ISNUMBER(S40))),"E_INVALID_DATE",IF(OR(R40<1900,R40>9999,R40<>INT(R40),S40<1,S40>12,S40<>INT(S40)),"E_INVALID_DATE",""))),IF(N40="YEAR",IF(R40="","E_MISSING_INPUT",IF(NOT(ISNUMBER(R40)),"E_INVALID_DATE",IF(OR(R40<1900,R40>9999,R40<>INT(R40)),"E_INVALID_DATE",""))),IF(N40="RANGE",IF(OR(T40="",U40=""),"E_MISSING_INPUT",IF(OR(NOT(ISNUMBER(T40)),NOT(ISNUMBER(U40))),"E_INVALID_DATE",IF(OR(T40<>INT(T40),U40<>INT(U40)),"E_INVALID_DATE",IF(T40>U40,"E_REVERSED_BOUNDS","")))),"E_INVALID_UNIT"))))))) | X40: =IF(AND(W40="",N40="TIMESTAMP"),1,0) -> 0 | Y40: =IF(AND(X40=1,Q40<>"unknown"),1,0) -> 0 | Z40: =IF(OR(W40<>"",N40=""),"",IF(OR(N40="TIMESTAMP",N40="DATE"),O40,IF(N40="MONTH",DATE(R40,S40,1),IF(N40="YEAR",DATE(R40,1,1),T40)))) -> 46199 | AA40: =IF(OR(W40<>"",N40=""),"",IF(OR(N40="TIMESTAMP",N40="DATE"),O40,IF(N40="MONTH",EOMONTH(DATE(R40,S40,1),0),IF(N40="YEAR",DATE(R40,12,31),U40)))) -> 46199 | AB40: =IF(X40=1,O40*1440+ROUND(P40*1440,0),"") | AC40: =IF(Y40=1,AB40-(IF(LEFT(Q40,1)="-",-1,1)*(VALUE(MID(Q40,2,2))*60+VALUE(MID(Q40,5,2)))),"") | AD40: last taken 4 July | AE40: DATE | AF40: 46207 | AM40: GP letter (version 2) | AN40: =IF(COUNTA(AE40:AL40)=0,"",IF(AE40="","E_MISSING_INPUT",IF(AE40="TIMESTAMP",IF(OR(AF40="",AG40="",AH40=""),"E_MISSING_INPUT",IF(OR(NOT(ISNUMBER(AF40)),NOT(ISNUMBER(AG40))),"E_INVALID_DATE",IF(OR(AF40<>INT(AF40),AG40<0,AG40>=1),"E_INVALID_DATE",IF(ISNA(MATCH(AH40,nLIST_Offset,0)),"E_INVALID_UNIT","")))),IF(AE40="DATE",IF(AF40="","E_MISSING_INPUT",IF(NOT(ISNUMBER(AF40)),"E_INVALID_DATE",IF(AF40<>INT(AF40),"E_INVALID_DATE",""))),IF(AE40="MONTH",IF(OR(AI40="",AJ40=""),"E_MISSING_INPUT",IF(OR(NOT(ISNUMBER(AI40)),NOT(ISNUMBER(AJ40))),"E_INVALID_DATE",IF(OR(AI40<1900,AI40>9999,AI40<>INT(AI40),AJ40<1,AJ40>12,AJ40<>INT(AJ40)),"E_INVALID_DATE",""))),IF(AE40="YEAR",IF(AI40="","E_MISSING_INPUT",IF(NOT(ISNUMBER(AI40)),"E_INVALID_DATE",IF(OR(AI40<1900,AI40>9999,AI40<>INT(AI40)),"E_INVALID_DATE",""))),IF(AE40="RANGE",IF(OR(AK40="",AL40=""),"E_MISSING_INPUT",IF(OR(NOT(ISNUMBER(AK40)),NOT(ISNUMBER(AL40))),"E_INVALID_DATE",IF(OR(AK40<>INT(AK40),AL40<>INT(AL40)),"E_INVALID_DATE",IF(AK40>AL40,"E_REVERSED_BOUNDS","")))),"E_INVALID_UNIT"))))))) | AO40: =IF(AND(AN40="",AE40="TIMESTAMP"),1,0) -> 0 | AP40: =IF(AND(AO40=1,AH40<>"unknown"),1,0) -> 0 | AQ40: =IF(OR(AN40<>"",AE40=""),"",IF(OR(AE40="TIMESTAMP",AE40="DATE"),AF40,IF(AE40="MONTH",DATE(AI40,AJ40,1),IF(AE40="YEAR",DATE(AI40,1,1),AK40)))) -> 46207 | AR40: =IF(OR(AN40<>"",AE40=""),"",IF(OR(AE40="TIMESTAMP",AE40="DATE"),AF40,IF(AE40="MONTH",EOMONTH(DATE(AI40,AJ40,1),0),IF(AE40="YEAR",DATE(AI40,12,31),AL40)))) -> 46207 | AS40: =IF(AO40=1,AF40*1440+ROUND(AG40*1440,0),"") | AT40: =IF(AP40=1,AS40-(IF(LEFT(AH40,1)="-",-1,1)*(VALUE(MID(AH40,2,2))*60+VALUE(MID(AH40,5,2)))),"") | BE40: =IF(COUNTA(AV40:BC40)=0,"",IF(AV40="","E_MISSING_INPUT",IF(AV40="TIMESTAMP",IF(OR(AW40="",AX40="",AY40=""),"E_MISSING_INPUT",IF(OR(NOT(ISNUMBER(AW40)),NOT(ISNUMBER(AX40))),"E_INVALID_DATE",IF(OR(AW40<>INT(AW40),AX40<0,AX40>=1),"E_INVALID_DATE",IF(ISNA(MATCH(AY40,nLIST_Offset,0)),"E_INVALID_UNIT","")))),IF(AV40="DATE",IF(AW40="","E_MISSING_INPUT",IF(NOT(ISNUMBER(AW40)),"E_INVALID_DATE",IF(AW40<>INT(AW40),"E_INVALID_DATE",""))),IF(AV40="MONTH",IF(OR(AZ40="",BA40=""),"E_MISSING_INPUT",IF(OR(NOT(ISNUMBER(AZ40)),NOT(ISNUMBER(BA40))),"E_INVALID_DATE",IF(OR(AZ40<1900,AZ40>9999,AZ40<>INT(AZ40),BA40<1,BA40>12,BA40<>INT(BA40)),"E_INVALID_DATE",""))),IF(AV40="YEAR",IF(AZ40="","E_MISSING_INPUT",IF(NOT(ISNUMBER(AZ40)),"E_INVALID_DATE",IF(OR(AZ40<1900,AZ40>9999,AZ40<>INT(AZ40)),"E_INVALID_DATE",""))),IF(AV40="RANGE",IF(OR(BB40="",BC40=""),"E_MISSING_INPUT",IF(OR(NOT(ISNUMBER(BB40)),NOT(ISNUMBER(BC40))),"E_INVALID_DATE",IF(OR(BB40<>INT(BB40),BC40<>INT(BC40)),"E_INVALID_DATE",IF(BB40>BC40,"E_REVERSED_BOUNDS","")))),"E_INVALID_UNIT"))))))) | BF40: =IF(AND(BE40="",AV40="TIMESTAMP"),1,0) -> 0 | BG40: =IF(AND(BF40=1,AY40<>"unknown"),1,0) -> 0 | BH40: =IF(OR(BE40<>"",AV40=""),"",IF(OR(AV40="TIMESTAMP",AV40="DATE"),AW40,IF(AV40="MONTH",DATE(AZ40,BA40,1),IF(AV40="YEAR",DATE(AZ40,1,1),BB40)))) | BI40: =IF(OR(BE40<>"",AV40=""),"",IF(OR(AV40="TIMESTAMP",AV40="DATE"),AW40,IF(AV40="MONTH",EOMONTH(DATE(AZ40,BA40,1),0),IF(AV40="YEAR",DATE(AZ40,12,31),BC40)))) | BJ40: =IF(BF40=1,AW40*1440+ROUND(AX40*1440,0),"") | BK40: =IF(BG40=1,BJ40-(IF(LEFT(AY40,1)="-",-1,1)*(VALUE(MID(AY40,2,2))*60+VALUE(MID(AY40,5,2)))),"") | BL40: =IF(D40="","",A40&"|"&B40&"|"&D40) -> EX-C04|2|EX-IBU | BM40: =IF(BL40="",0,COUNTIF(nEXP_Key,BL40)) -> 1 | BN40: =IF(D40="",IF(COUNTA(C40,E40,N40,O40)>0,"E_MISSING_INPUT",""),IF(BM40>1,"E_DUPLICATE_ID",IF(W40<>"",W40,IF(AN40<>"",AN40,BE40)))) | BO40: =IF(BN40="","",BN40&": "&SUBSTITUTE(IFERROR(INDEX(nMSG_Text,MATCH(BN40,nMSG_Code,0)),""),"[input]",IF(D40="","an Exposure_Episode_ID","the date fields required by the selected precision")))
A41: EX-C04 | B41: 2 | C41: BETA-BLOCKER | D41: EX-BB | E41: Beta-blocker (product not named) | F41: concomitant | G41: oral | J41: Long term; dose unchanged since 2024 | K41: NOT_REPORTED | L41: Start date not reported; additive AV-conduction effect (pharmacodynamic) | W41: =IF(COUNTA(N41:U41)=0,"",IF(N41="","E_MISSING_INPUT",IF(N41="TIMESTAMP",IF(OR(O41="",P41="",Q41=""),"E_MISSING_INPUT",IF(OR(NOT(ISNUMBER(O41)),NOT(ISNUMBER(P41))),"E_INVALID_DATE",IF(OR(O41<>INT(O41),P41<0,P41>=1),"E_INVALID_DATE",IF(ISNA(MATCH(Q41,nLIST_Offset,0)),"E_INVALID_UNIT","")))),IF(N41="DATE",IF(O41="","E_MISSING_INPUT",IF(NOT(ISNUMBER(O41)),"E_INVALID_DATE",IF(O41<>INT(O41),"E_INVALID_DATE",""))),IF(N41="MONTH",IF(OR(R41="",S41=""),"E_MISSING_INPUT",IF(OR(NOT(ISNUMBER(R41)),NOT(ISNUMBER(S41))),"E_INVALID_DATE",IF(OR(R41<1900,R41>9999,R41<>INT(R41),S41<1,S41>12,S41<>INT(S41)),"E_INVALID_DATE",""))),IF(N41="YEAR",IF(R41="","E_MISSING_INPUT",IF(NOT(ISNUMBER(R41)),"E_INVALID_DATE",IF(OR(R41<1900,R41>9999,R41<>INT(R41)),"E_INVALID_DATE",""))),IF(N41="RANGE",IF(OR(T41="",U41=""),"E_MISSING_INPUT",IF(OR(NOT(ISNUMBER(T41)),NOT(ISNUMBER(U41))),"E_INVALID_DATE",IF(OR(T41<>INT(T41),U41<>INT(U41)),"E_INVALID_DATE",IF(T41>U41,"E_REVERSED_BOUNDS","")))),"E_INVALID_UNIT"))))))) | X41: =IF(AND(W41="",N41="TIMESTAMP"),1,0) -> 0 | Y41: =IF(AND(X41=1,Q41<>"unknown"),1,0) -> 0 | Z41: =IF(OR(W41<>"",N41=""),"",IF(OR(N41="TIMESTAMP",N41="DATE"),O41,IF(N41="MONTH",DATE(R41,S41,1),IF(N41="YEAR",DATE(R41,1,1),T41)))) | AA41: =IF(OR(W41<>"",N41=""),"",IF(OR(N41="TIMESTAMP",N41="DATE"),O41,IF(N41="MONTH",EOMONTH(DATE(R41,S41,1),0),IF(N41="YEAR",DATE(R41,12,31),U41)))) | AB41: =IF(X41=1,O41*1440+ROUND(P41*1440,0),"") | AC41: =IF(Y41=1,AB41-(IF(LEFT(Q41,1)="-",-1,1)*(VALUE(MID(Q41,2,2))*60+VALUE(MID(Q41,5,2)))),"") | AN41: =IF(COUNTA(AE41:AL41)=0,"",IF(AE41="","E_MISSING_INPUT",IF(AE41="TIMESTAMP",IF(OR(AF41="",AG41="",AH41=""),"E_MISSING_INPUT",IF(OR(NOT(ISNUMBER(AF41)),NOT(ISNUMBER(AG41))),"E_INVALID_DATE",IF(OR(AF41<>INT(AF41),AG41<0,AG41>=1),"E_INVALID_DATE",IF(ISNA(MATCH(AH41,nLIST_Offset,0)),"E_INVALID_UNIT","")))),IF(AE41="DATE",IF(AF41="","E_MISSING_INPUT",IF(NOT(ISNUMBER(AF41)),"E_INVALID_DATE",IF(AF41<>INT(AF41),"E_INVALID_DATE",""))),IF(AE41="MONTH",IF(OR(AI41="",AJ41=""),"E_MISSING_INPUT",IF(OR(NOT(ISNUMBER(AI41)),NOT(ISNUMBER(AJ41))),"E_INVALID_DATE",IF(OR(AI41<1900,AI41>9999,AI41<>INT(AI41),AJ41<1,AJ41>12,AJ41<>INT(AJ41)),"E_INVALID_DATE",""))),IF(AE41="YEAR",IF(AI41="","E_MISSING_INPUT",IF(NOT(ISNUMBER(AI41)),"E_INVALID_DATE",IF(OR(AI41<1900,AI41>9999,AI41<>INT(AI41)),"E_INVALID_DATE",""))),IF(AE41="RANGE",IF(OR(AK41="",AL41=""),"E_MISSING_INPUT",IF(OR(NOT(ISNUMBER(AK41)),NOT(ISNUMBER(AL41))),"E_INVALID_DATE",IF(OR(AK41<>INT(AK41),AL41<>INT(AL41)),"E_INVALID_DATE",IF(AK41>AL41,"E_REVERSED_BOUNDS","")))),"E_INVALID_UNIT"))))))) | AO41: =IF(AND(AN41="",AE41="TIMESTAMP"),1,0) -> 0 | AP41: =IF(AND(AO41=1,AH41<>"unknown"),1,0) -> 0 | AQ41: =IF(OR(AN41<>"",AE41=""),"",IF(OR(AE41="TIMESTAMP",AE41="DATE"),AF41,IF(AE41="MONTH",DATE(AI41,AJ41,1),IF(AE41="YEAR",DATE(AI41,1,1),AK41)))) | AR41: =IF(OR(AN41<>"",AE41=""),"",IF(OR(AE41="TIMESTAMP",AE41="DATE"),AF41,IF(AE41="MONTH",EOMONTH(DATE(AI41,AJ41,1),0),IF(AE41="YEAR",DATE(AI41,12,31),AL41)))) | AS41: =IF(AO41=1,AF41*1440+ROUND(AG41*1440,0),"") | AT41: =IF(AP41=1,AS41-(IF(LEFT(AH41,1)="-",-1,1)*(VALUE(MID(AH41,2,2))*60+VALUE(MID(AH41,5,2)))),"") | BE41: =IF(COUNTA(AV41:BC41)=0,"",IF(AV41="","E_MISSING_INPUT",IF(AV41="TIMESTAMP",IF(OR(AW41="",AX41="",AY41=""),"E_MISSING_INPUT",IF(OR(NOT(ISNUMBER(AW41)),NOT(ISNUMBER(AX41))),"E_INVALID_DATE",IF(OR(AW41<>INT(AW41),AX41<0,AX41>=1),"E_INVALID_DATE",IF(ISNA(MATCH(AY41,nLIST_Offset,0)),"E_INVALID_UNIT","")))),IF(AV41="DATE",IF(AW41="","E_MISSING_INPUT",IF(NOT(ISNUMBER(AW41)),"E_INVALID_DATE",IF(AW41<>INT(AW41),"E_INVALID_DATE",""))),IF(AV41="MONTH",IF(OR(AZ41="",BA41=""),"E_MISSING_INPUT",IF(OR(NOT(ISNUMBER(AZ41)),NOT(ISNUMBER(BA41))),"E_INVALID_DATE",IF(OR(AZ41<1900,AZ41>9999,AZ41<>INT(AZ41),BA41<1,BA41>12,BA41<>INT(BA41)),"E_INVALID_DATE",""))),IF(AV41="YEAR",IF(AZ41="","E_MISSING_INPUT",IF(NOT(ISNUMBER(AZ41)),"E_INVALID_DATE",IF(OR(AZ41<1900,AZ41>9999,AZ41<>INT(AZ41)),"E_INVALID_DATE",""))),IF(AV41="RANGE",IF(OR(BB41="",BC41=""),"E_MISSING_INPUT",IF(OR(NOT(ISNUMBER(BB41)),NOT(ISNUMBER(BC41))),"E_INVALID_DATE",IF(OR(BB41<>INT(BB41),BC41<>INT(BC41)),"E_INVALID_DATE",IF(BB41>BC41,"E_REVERSED_BOUNDS","")))),"E_INVALID_UNIT"))))))) | BF41: =IF(AND(BE41="",AV41="TIMESTAMP"),1,0) -> 0 | BG41: =IF(AND(BF41=1,AY41<>"unknown"),1,0) -> 0 | BH41: =IF(OR(BE41<>"",AV41=""),"",IF(OR(AV41="TIMESTAMP",AV41="DATE"),AW41,IF(AV41="MONTH",DATE(AZ41,BA41,1),IF(AV41="YEAR",DATE(AZ41,1,1),BB41)))) | BI41: =IF(OR(BE41<>"",AV41=""),"",IF(OR(AV41="TIMESTAMP",AV41="DATE"),AW41,IF(AV41="MONTH",EOMONTH(DATE(AZ41,BA41,1),0),IF(AV41="YEAR",DATE(AZ41,12,31),BC41)))) | BJ41: =IF(BF41=1,AW41*1440+ROUND(AX41*1440,0),"") | BK41: =IF(BG41=1,BJ41-(IF(LEFT(AY41,1)="-",-1,1)*(VALUE(MID(AY41,2,2))*60+VALUE(MID(AY41,5,2)))),"") | BL41: =IF(D41="","",A41&"|"&B41&"|"&D41) -> EX-C04|2|EX-BB | BM41: =IF(BL41="",0,COUNTIF(nEXP_Key,BL41)) -> 1 | BN41: =IF(D41="",IF(COUNTA(C41,E41,N41,O41)>0,"E_MISSING_INPUT",""),IF(BM41>1,"E_DUPLICATE_ID",IF(W41<>"",W41,IF(AN41<>"",AN41,BE41)))) | BO41: =IF(BN41="","",BN41&": "&SUBSTITUTE(IFERROR(INDEX(nMSG_Text,MATCH(BN41,nMSG_Code,0)),""),"[input]",IF(D41="","an Exposure_Episode_ID","the date fields required by the selected precision")))
A42: EX-C28 | B42: 2 | C42: RITUXIMAB | D42: EX-RTX | E42: Rituximab (NHL) | F42: suspect | G42: intravenous | J42: R-Regimen X x 6 cycles every 21 days; doses as recorded in the source | M42: R-Regimen X x 6, 18/11/2024 to 03/03/2025 | N42: DATE | O42: 45614 | V42: Hematology summary | W42: =IF(COUNTA(N42:U42)=0,"",IF(N42="","E_MISSING_INPUT",IF(N42="TIMESTAMP",IF(OR(O42="",P42="",Q42=""),"E_MISSING_INPUT",IF(OR(NOT(ISNUMBER(O42)),NOT(ISNUMBER(P42))),"E_INVALID_DATE",IF(OR(O42<>INT(O42),P42<0,P42>=1),"E_INVALID_DATE",IF(ISNA(MATCH(Q42,nLIST_Offset,0)),"E_INVALID_UNIT","")))),IF(N42="DATE",IF(O42="","E_MISSING_INPUT",IF(NOT(ISNUMBER(O42)),"E_INVALID_DATE",IF(O42<>INT(O42),"E_INVALID_DATE",""))),IF(N42="MONTH",IF(OR(R42="",S42=""),"E_MISSING_INPUT",IF(OR(NOT(ISNUMBER(R42)),NOT(ISNUMBER(S42))),"E_INVALID_DATE",IF(OR(R42<1900,R42>9999,R42<>INT(R42),S42<1,S42>12,S42<>INT(S42)),"E_INVALID_DATE",""))),IF(N42="YEAR",IF(R42="","E_MISSING_INPUT",IF(NOT(ISNUMBER(R42)),"E_INVALID_DATE",IF(OR(R42<1900,R42>9999,R42<>INT(R42)),"E_INVALID_DATE",""))),IF(N42="RANGE",IF(OR(T42="",U42=""),"E_MISSING_INPUT",IF(OR(NOT(ISNUMBER(T42)),NOT(ISNUMBER(U42))),"E_INVALID_DATE",IF(OR(T42<>INT(T42),U42<>INT(U42)),"E_INVALID_DATE",IF(T42>U42,"E_REVERSED_BOUNDS","")))),"E_INVALID_UNIT"))))))) | X42: =IF(AND(W42="",N42="TIMESTAMP"),1,0) -> 0 | Y42: =IF(AND(X42=1,Q42<>"unknown"),1,0) -> 0 | Z42: =IF(OR(W42<>"",N42=""),"",IF(OR(N42="TIMESTAMP",N42="DATE"),O42,IF(N42="MONTH",DATE(R42,S42,1),IF(N42="YEAR",DATE(R42,1,1),T42)))) -> 45614 | AA42: =IF(OR(W42<>"",N42=""),"",IF(OR(N42="TIMESTAMP",N42="DATE"),O42,IF(N42="MONTH",EOMONTH(DATE(R42,S42,1),0),IF(N42="YEAR",DATE(R42,12,31),U42)))) -> 45614 | AB42: =IF(X42=1,O42*1440+ROUND(P42*1440,0),"") | AC42: =IF(Y42=1,AB42-(IF(LEFT(Q42,1)="-",-1,1)*(VALUE(MID(Q42,2,2))*60+VALUE(MID(Q42,5,2)))),"") | AD42: last infusion 03/03/2025 | AE42: DATE | AF42: 45719 | AM42: Hematology summary | AN42: =IF(COUNTA(AE42:AL42)=0,"",IF(AE42="","E_MISSING_INPUT",IF(AE42="TIMESTAMP",IF(OR(AF42="",AG42="",AH42=""),"E_MISSING_INPUT",IF(OR(NOT(ISNUMBER(AF42)),NOT(ISNUMBER(AG42))),"E_INVALID_DATE",IF(OR(AF42<>INT(AF42),AG42<0,AG42>=1),"E_INVALID_DATE",IF(ISNA(MATCH(AH42,nLIST_Offset,0)),"E_INVALID_UNIT","")))),IF(AE42="DATE",IF(AF42="","E_MISSING_INPUT",IF(NOT(ISNUMBER(AF42)),"E_INVALID_DATE",IF(AF42<>INT(AF42),"E_INVALID_DATE",""))),IF(AE42="MONTH",IF(OR(AI42="",AJ42=""),"E_MISSING_INPUT",IF(OR(NOT(ISNUMBER(AI42)),NOT(ISNUMBER(AJ42))),"E_INVALID_DATE",IF(OR(AI42<1900,AI42>9999,AI42<>INT(AI42),AJ42<1,AJ42>12,AJ42<>INT(AJ42)),"E_INVALID_DATE",""))),IF(AE42="YEAR",IF(AI42="","E_MISSING_INPUT",IF(NOT(ISNUMBER(AI42)),"E_INVALID_DATE",IF(OR(AI42<1900,AI42>9999,AI42<>INT(AI42)),"E_INVALID_DATE",""))),IF(AE42="RANGE",IF(OR(AK42="",AL42=""),"E_MISSING_INPUT",IF(OR(NOT(ISNUMBER(AK42)),NOT(ISNUMBER(AL42))),"E_INVALID_DATE",IF(OR(AK42<>INT(AK42),AL42<>INT(AL42)),"E_INVALID_DATE",IF(AK42>AL42,"E_REVERSED_BOUNDS","")))),"E_INVALID_UNIT"))))))) | AO42: =IF(AND(AN42="",AE42="TIMESTAMP"),1,0) -> 0 | AP42: =IF(AND(AO42=1,AH42<>"unknown"),1,0) -> 0 | AQ42: =IF(OR(AN42<>"",AE42=""),"",IF(OR(AE42="TIMESTAMP",AE42="DATE"),AF42,IF(AE42="MONTH",DATE(AI42,AJ42,1),IF(AE42="YEAR",DATE(AI42,1,1),AK42)))) -> 45719 | AR42: =IF(OR(AN42<>"",AE42=""),"",IF(OR(AE42="TIMESTAMP",AE42="DATE"),AF42,IF(AE42="MONTH",EOMONTH(DATE(AI42,AJ42,1),0),IF(AE42="YEAR",DATE(AI42,12,31),AL42)))) -> 45719 | AS42: =IF(AO42=1,AF42*1440+ROUND(AG42*1440,0),"") | AT42: =IF(AP42=1,AS42-(IF(LEFT(AH42,1)="-",-1,1)*(VALUE(MID(AH42,2,2))*60+VALUE(MID(AH42,5,2)))),"") | BE42: =IF(COUNTA(AV42:BC42)=0,"",IF(AV42="","E_MISSING_INPUT",IF(AV42="TIMESTAMP",IF(OR(AW42="",AX42="",AY42=""),"E_MISSING_INPUT",IF(OR(NOT(ISNUMBER(AW42)),NOT(ISNUMBER(AX42))),"E_INVALID_DATE",IF(OR(AW42<>INT(AW42),AX42<0,AX42>=1),"E_INVALID_DATE",IF(ISNA(MATCH(AY42,nLIST_Offset,0)),"E_INVALID_UNIT","")))),IF(AV42="DATE",IF(AW42="","E_MISSING_INPUT",IF(NOT(ISNUMBER(AW42)),"E_INVALID_DATE",IF(AW42<>INT(AW42),"E_INVALID_DATE",""))),IF(AV42="MONTH",IF(OR(AZ42="",BA42=""),"E_MISSING_INPUT",IF(OR(NOT(ISNUMBER(AZ42)),NOT(ISNUMBER(BA42))),"E_INVALID_DATE",IF(OR(AZ42<1900,AZ42>9999,AZ42<>INT(AZ42),BA42<1,BA42>12,BA42<>INT(BA42)),"E_INVALID_DATE",""))),IF(AV42="YEAR",IF(AZ42="","E_MISSING_INPUT",IF(NOT(ISNUMBER(AZ42)),"E_INVALID_DATE",IF(OR(AZ42<1900,AZ42>9999,AZ42<>INT(AZ42)),"E_INVALID_DATE",""))),IF(AV42="RANGE",IF(OR(BB42="",BC42=""),"E_MISSING_INPUT",IF(OR(NOT(ISNUMBER(BB42)),NOT(ISNUMBER(BC42))),"E_INVALID_DATE",IF(OR(BB42<>INT(BB42),BC42<>INT(BC42)),"E_INVALID_DATE",IF(BB42>BC42,"E_REVERSED_BOUNDS","")))),"E_INVALID_UNIT"))))))) | BF42: =IF(AND(BE42="",AV42="TIMESTAMP"),1,0) -> 0 | BG42: =IF(AND(BF42=1,AY42<>"unknown"),1,0) -> 0 | BH42: =IF(OR(BE42<>"",AV42=""),"",IF(OR(AV42="TIMESTAMP",AV42="DATE"),AW42,IF(AV42="MONTH",DATE(AZ42,BA42,1),IF(AV42="YEAR",DATE(AZ42,1,1),BB42)))) | BI42: =IF(OR(BE42<>"",AV42=""),"",IF(OR(AV42="TIMESTAMP",AV42="DATE"),AW42,IF(AV42="MONTH",EOMONTH(DATE(AZ42,BA42,1),0),IF(AV42="YEAR",DATE(AZ42,12,31),BC42)))) | BJ42: =IF(BF42=1,AW42*1440+ROUND(AX42*1440,0),"") | BK42: =IF(BG42=1,BJ42-(IF(LEFT(AY42,1)="-",-1,1)*(VALUE(MID(AY42,2,2))*60+VALUE(MID(AY42,5,2)))),"") | BL42: =IF(D42="","",A42&"|"&B42&"|"&D42) -> EX-C28|2|EX-RTX | BM42: =IF(BL42="",0,COUNTIF(nEXP_Key,BL42)) -> 1 | BN42: =IF(D42="",IF(COUNTA(C42,E42,N42,O42)>0,"E_MISSING_INPUT",""),IF(BM42>1,"E_DUPLICATE_ID",IF(W42<>"",W42,IF(AN42<>"",AN42,BE42)))) | BO42: =IF(BN42="","",BN42&": "&SUBSTITUTE(IFERROR(INDEX(nMSG_Text,MATCH(BN42,nMSG_Code,0)),""),"[input]",IF(D42="","an Exposure_Episode_ID","the date fields required by the selected precision")))
A43: EX-C28 | B43: 2 | C43: REGIMEN-X | D43: EX-RX | E43: Regimen X (placeholder; includes a glucocorticoid) | F43: concomitant | G43: combination chemotherapy | M43: same cycles as rituximab | N43: DATE | O43: 45614 | V43: Hematology summary | W43: =IF(COUNTA(N43:U43)=0,"",IF(N43="","E_MISSING_INPUT",IF(N43="TIMESTAMP",IF(OR(O43="",P43="",Q43=""),"E_MISSING_INPUT",IF(OR(NOT(ISNUMBER(O43)),NOT(ISNUMBER(P43))),"E_INVALID_DATE",IF(OR(O43<>INT(O43),P43<0,P43>=1),"E_INVALID_DATE",IF(ISNA(MATCH(Q43,nLIST_Offset,0)),"E_INVALID_UNIT","")))),IF(N43="DATE",IF(O43="","E_MISSING_INPUT",IF(NOT(ISNUMBER(O43)),"E_INVALID_DATE",IF(O43<>INT(O43),"E_INVALID_DATE",""))),IF(N43="MONTH",IF(OR(R43="",S43=""),"E_MISSING_INPUT",IF(OR(NOT(ISNUMBER(R43)),NOT(ISNUMBER(S43))),"E_INVALID_DATE",IF(OR(R43<1900,R43>9999,R43<>INT(R43),S43<1,S43>12,S43<>INT(S43)),"E_INVALID_DATE",""))),IF(N43="YEAR",IF(R43="","E_MISSING_INPUT",IF(NOT(ISNUMBER(R43)),"E_INVALID_DATE",IF(OR(R43<1900,R43>9999,R43<>INT(R43)),"E_INVALID_DATE",""))),IF(N43="RANGE",IF(OR(T43="",U43=""),"E_MISSING_INPUT",IF(OR(NOT(ISNUMBER(T43)),NOT(ISNUMBER(U43))),"E_INVALID_DATE",IF(OR(T43<>INT(T43),U43<>INT(U43)),"E_INVALID_DATE",IF(T43>U43,"E_REVERSED_BOUNDS","")))),"E_INVALID_UNIT"))))))) | X43: =IF(AND(W43="",N43="TIMESTAMP"),1,0) -> 0 | Y43: =IF(AND(X43=1,Q43<>"unknown"),1,0) -> 0 | Z43: =IF(OR(W43<>"",N43=""),"",IF(OR(N43="TIMESTAMP",N43="DATE"),O43,IF(N43="MONTH",DATE(R43,S43,1),IF(N43="YEAR",DATE(R43,1,1),T43)))) -> 45614 | AA43: =IF(OR(W43<>"",N43=""),"",IF(OR(N43="TIMESTAMP",N43="DATE"),O43,IF(N43="MONTH",EOMONTH(DATE(R43,S43,1),0),IF(N43="YEAR",DATE(R43,12,31),U43)))) -> 45614 | AB43: =IF(X43=1,O43*1440+ROUND(P43*1440,0),"") | AC43: =IF(Y43=1,AB43-(IF(LEFT(Q43,1)="-",-1,1)*(VALUE(MID(Q43,2,2))*60+VALUE(MID(Q43,5,2)))),"") | AD43: same cycles as rituximab | AE43: DATE | AF43: 45719 | AM43: Hematology summary | AN43: =IF(COUNTA(AE43:AL43)=0,"",IF(AE43="","E_MISSING_INPUT",IF(AE43="TIMESTAMP",IF(OR(AF43="",AG43="",AH43=""),"E_MISSING_INPUT",IF(OR(NOT(ISNUMBER(AF43)),NOT(ISNUMBER(AG43))),"E_INVALID_DATE",IF(OR(AF43<>INT(AF43),AG43<0,AG43>=1),"E_INVALID_DATE",IF(ISNA(MATCH(AH43,nLIST_Offset,0)),"E_INVALID_UNIT","")))),IF(AE43="DATE",IF(AF43="","E_MISSING_INPUT",IF(NOT(ISNUMBER(AF43)),"E_INVALID_DATE",IF(AF43<>INT(AF43),"E_INVALID_DATE",""))),IF(AE43="MONTH",IF(OR(AI43="",AJ43=""),"E_MISSING_INPUT",IF(OR(NOT(ISNUMBER(AI43)),NOT(ISNUMBER(AJ43))),"E_INVALID_DATE",IF(OR(AI43<1900,AI43>9999,AI43<>INT(AI43),AJ43<1,AJ43>12,AJ43<>INT(AJ43)),"E_INVALID_DATE",""))),IF(AE43="YEAR",IF(AI43="","E_MISSING_INPUT",IF(NOT(ISNUMBER(AI43)),"E_INVALID_DATE",IF(OR(AI43<1900,AI43>9999,AI43<>INT(AI43)),"E_INVALID_DATE",""))),IF(AE43="RANGE",IF(OR(AK43="",AL43=""),"E_MISSING_INPUT",IF(OR(NOT(ISNUMBER(AK43)),NOT(ISNUMBER(AL43))),"E_INVALID_DATE",IF(OR(AK43<>INT(AK43),AL43<>INT(AL43)),"E_INVALID_DATE",IF(AK43>AL43,"E_REVERSED_BOUNDS","")))),"E_INVALID_UNIT"))))))) | AO43: =IF(AND(AN43="",AE43="TIMESTAMP"),1,0) -> 0 | AP43: =IF(AND(AO43=1,AH43<>"unknown"),1,0) -> 0 | AQ43: =IF(OR(AN43<>"",AE43=""),"",IF(OR(AE43="TIMESTAMP",AE43="DATE"),AF43,IF(AE43="MONTH",DATE(AI43,AJ43,1),IF(AE43="YEAR",DATE(AI43,1,1),AK43)))) -> 45719 | AR43: =IF(OR(AN43<>"",AE43=""),"",IF(OR(AE43="TIMESTAMP",AE43="DATE"),AF43,IF(AE43="MONTH",EOMONTH(DATE(AI43,AJ43,1),0),IF(AE43="YEAR",DATE(AI43,12,31),AL43)))) -> 45719 | AS43: =IF(AO43=1,AF43*1440+ROUND(AG43*1440,0),"") | AT43: =IF(AP43=1,AS43-(IF(LEFT(AH43,1)="-",-1,1)*(VALUE(MID(AH43,2,2))*60+VALUE(MID(AH43,5,2)))),"") | BE43: =IF(COUNTA(AV43:BC43)=0,"",IF(AV43="","E_MISSING_INPUT",IF(AV43="TIMESTAMP",IF(OR(AW43="",AX43="",AY43=""),"E_MISSING_INPUT",IF(OR(NOT(ISNUMBER(AW43)),NOT(ISNUMBER(AX43))),"E_INVALID_DATE",IF(OR(AW43<>INT(AW43),AX43<0,AX43>=1),"E_INVALID_DATE",IF(ISNA(MATCH(AY43,nLIST_Offset,0)),"E_INVALID_UNIT","")))),IF(AV43="DATE",IF(AW43="","E_MISSING_INPUT",IF(NOT(ISNUMBER(AW43)),"E_INVALID_DATE",IF(AW43<>INT(AW43),"E_INVALID_DATE",""))),IF(AV43="MONTH",IF(OR(AZ43="",BA43=""),"E_MISSING_INPUT",IF(OR(NOT(ISNUMBER(AZ43)),NOT(ISNUMBER(BA43))),"E_INVALID_DATE",IF(OR(AZ43<1900,AZ43>9999,AZ43<>INT(AZ43),BA43<1,BA43>12,BA43<>INT(BA43)),"E_INVALID_DATE",""))),IF(AV43="YEAR",IF(AZ43="","E_MISSING_INPUT",IF(NOT(ISNUMBER(AZ43)),"E_INVALID_DATE",IF(OR(AZ43<1900,AZ43>9999,AZ43<>INT(AZ43)),"E_INVALID_DATE",""))),IF(AV43="RANGE",IF(OR(BB43="",BC43=""),"E_MISSING_INPUT",IF(OR(NOT(ISNUMBER(BB43)),NOT(ISNUMBER(BC43))),"E_INVALID_DATE",IF(OR(BB43<>INT(BB43),BC43<>INT(BC43)),"E_INVALID_DATE",IF(BB43>BC43,"E_REVERSED_BOUNDS","")))),"E_INVALID_UNIT"))))))) | BF43: =IF(AND(BE43="",AV43="TIMESTAMP"),1,0) -> 0 | BG43: =IF(AND(BF43=1,AY43<>"unknown"),1,0) -> 0 | BH43: =IF(OR(BE43<>"",AV43=""),"",IF(OR(AV43="TIMESTAMP",AV43="DATE"),AW43,IF(AV43="MONTH",DATE(AZ43,BA43,1),IF(AV43="YEAR",DATE(AZ43,1,1),BB43)))) | BI43: =IF(OR(BE43<>"",AV43=""),"",IF(OR(AV43="TIMESTAMP",AV43="DATE"),AW43,IF(AV43="MONTH",EOMONTH(DATE(AZ43,BA43,1),0),IF(AV43="YEAR",DATE(AZ43,12,31),BC43)))) | BJ43: =IF(BF43=1,AW43*1440+ROUND(AX43*1440,0),"") | BK43: =IF(BG43=1,BJ43-(IF(LEFT(AY43,1)="-",-1,1)*(VALUE(MID(AY43,2,2))*60+VALUE(MID(AY43,5,2)))),"") | BL43: =IF(D43="","",A43&"|"&B43&"|"&D43) -> EX-C28|2|EX-RX | BM43: =IF(BL43="",0,COUNTIF(nEXP_Key,BL43)) -> 1 | BN43: =IF(D43="",IF(COUNTA(C43,E43,N43,O43)>0,"E_MISSING_INPUT",""),IF(BM43>1,"E_DUPLICATE_ID",IF(W43<>"",W43,IF(AN43<>"",AN43,BE43)))) | BO43: =IF(BN43="","",BN43&": "&SUBSTITUTE(IFERROR(INDEX(nMSG_Text,MATCH(BN43,nMSG_Code,0)),""),"[input]",IF(D43="","an Exposure_Episode_ID","the date fields required by the selected precision")))
A44: EX-C28 | B44: 2 | C44: ANTIVIRAL-A | D44: EX-AVA | E44: Antiviral A (placeholder), prophylaxis | F44: prophylaxis | G44: oral | M44: Antiviral A prophylaxis 11/11/2024 to 03/09/2025 | N44: DATE | O44: 45607 | V44: Hematology summary | W44: =IF(COUNTA(N44:U44)=0,"",IF(N44="","E_MISSING_INPUT",IF(N44="TIMESTAMP",IF(OR(O44="",P44="",Q44=""),"E_MISSING_INPUT",IF(OR(NOT(ISNUMBER(O44)),NOT(ISNUMBER(P44))),"E_INVALID_DATE",IF(OR(O44<>INT(O44),P44<0,P44>=1),"E_INVALID_DATE",IF(ISNA(MATCH(Q44,nLIST_Offset,0)),"E_INVALID_UNIT","")))),IF(N44="DATE",IF(O44="","E_MISSING_INPUT",IF(NOT(ISNUMBER(O44)),"E_INVALID_DATE",IF(O44<>INT(O44),"E_INVALID_DATE",""))),IF(N44="MONTH",IF(OR(R44="",S44=""),"E_MISSING_INPUT",IF(OR(NOT(ISNUMBER(R44)),NOT(ISNUMBER(S44))),"E_INVALID_DATE",IF(OR(R44<1900,R44>9999,R44<>INT(R44),S44<1,S44>12,S44<>INT(S44)),"E_INVALID_DATE",""))),IF(N44="YEAR",IF(R44="","E_MISSING_INPUT",IF(NOT(ISNUMBER(R44)),"E_INVALID_DATE",IF(OR(R44<1900,R44>9999,R44<>INT(R44)),"E_INVALID_DATE",""))),IF(N44="RANGE",IF(OR(T44="",U44=""),"E_MISSING_INPUT",IF(OR(NOT(ISNUMBER(T44)),NOT(ISNUMBER(U44))),"E_INVALID_DATE",IF(OR(T44<>INT(T44),U44<>INT(U44)),"E_INVALID_DATE",IF(T44>U44,"E_REVERSED_BOUNDS","")))),"E_INVALID_UNIT"))))))) | X44: =IF(AND(W44="",N44="TIMESTAMP"),1,0) -> 0 | Y44: =IF(AND(X44=1,Q44<>"unknown"),1,0) -> 0 | Z44: =IF(OR(W44<>"",N44=""),"",IF(OR(N44="TIMESTAMP",N44="DATE"),O44,IF(N44="MONTH",DATE(R44,S44,1),IF(N44="YEAR",DATE(R44,1,1),T44)))) -> 45607 | AA44: =IF(OR(W44<>"",N44=""),"",IF(OR(N44="TIMESTAMP",N44="DATE"),O44,IF(N44="MONTH",EOMONTH(DATE(R44,S44,1),0),IF(N44="YEAR",DATE(R44,12,31),U44)))) -> 45607 | AB44: =IF(X44=1,O44*1440+ROUND(P44*1440,0),"") | AC44: =IF(Y44=1,AB44-(IF(LEFT(Q44,1)="-",-1,1)*(VALUE(MID(Q44,2,2))*60+VALUE(MID(Q44,5,2)))),"") | AD44: prophylaxis to 03/09/2025 | AE44: DATE | AF44: 45903 | AM44: Hematology summary | AN44: =IF(COUNTA(AE44:AL44)=0,"",IF(AE44="","E_MISSING_INPUT",IF(AE44="TIMESTAMP",IF(OR(AF44="",AG44="",AH44=""),"E_MISSING_INPUT",IF(OR(NOT(ISNUMBER(AF44)),NOT(ISNUMBER(AG44))),"E_INVALID_DATE",IF(OR(AF44<>INT(AF44),AG44<0,AG44>=1),"E_INVALID_DATE",IF(ISNA(MATCH(AH44,nLIST_Offset,0)),"E_INVALID_UNIT","")))),IF(AE44="DATE",IF(AF44="","E_MISSING_INPUT",IF(NOT(ISNUMBER(AF44)),"E_INVALID_DATE",IF(AF44<>INT(AF44),"E_INVALID_DATE",""))),IF(AE44="MONTH",IF(OR(AI44="",AJ44=""),"E_MISSING_INPUT",IF(OR(NOT(ISNUMBER(AI44)),NOT(ISNUMBER(AJ44))),"E_INVALID_DATE",IF(OR(AI44<1900,AI44>9999,AI44<>INT(AI44),AJ44<1,AJ44>12,AJ44<>INT(AJ44)),"E_INVALID_DATE",""))),IF(AE44="YEAR",IF(AI44="","E_MISSING_INPUT",IF(NOT(ISNUMBER(AI44)),"E_INVALID_DATE",IF(OR(AI44<1900,AI44>9999,AI44<>INT(AI44)),"E_INVALID_DATE",""))),IF(AE44="RANGE",IF(OR(AK44="",AL44=""),"E_MISSING_INPUT",IF(OR(NOT(ISNUMBER(AK44)),NOT(ISNUMBER(AL44))),"E_INVALID_DATE",IF(OR(AK44<>INT(AK44),AL44<>INT(AL44)),"E_INVALID_DATE",IF(AK44>AL44,"E_REVERSED_BOUNDS","")))),"E_INVALID_UNIT"))))))) | AO44: =IF(AND(AN44="",AE44="TIMESTAMP"),1,0) -> 0 | AP44: =IF(AND(AO44=1,AH44<>"unknown"),1,0) -> 0 | AQ44: =IF(OR(AN44<>"",AE44=""),"",IF(OR(AE44="TIMESTAMP",AE44="DATE"),AF44,IF(AE44="MONTH",DATE(AI44,AJ44,1),IF(AE44="YEAR",DATE(AI44,1,1),AK44)))) -> 45903 | AR44: =IF(OR(AN44<>"",AE44=""),"",IF(OR(AE44="TIMESTAMP",AE44="DATE"),AF44,IF(AE44="MONTH",EOMONTH(DATE(AI44,AJ44,1),0),IF(AE44="YEAR",DATE(AI44,12,31),AL44)))) -> 45903 | AS44: =IF(AO44=1,AF44*1440+ROUND(AG44*1440,0),"") | AT44: =IF(AP44=1,AS44-(IF(LEFT(AH44,1)="-",-1,1)*(VALUE(MID(AH44,2,2))*60+VALUE(MID(AH44,5,2)))),"") | BE44: =IF(COUNTA(AV44:BC44)=0,"",IF(AV44="","E_MISSING_INPUT",IF(AV44="TIMESTAMP",IF(OR(AW44="",AX44="",AY44=""),"E_MISSING_INPUT",IF(OR(NOT(ISNUMBER(AW44)),NOT(ISNUMBER(AX44))),"E_INVALID_DATE",IF(OR(AW44<>INT(AW44),AX44<0,AX44>=1),"E_INVALID_DATE",IF(ISNA(MATCH(AY44,nLIST_Offset,0)),"E_INVALID_UNIT","")))),IF(AV44="DATE",IF(AW44="","E_MISSING_INPUT",IF(NOT(ISNUMBER(AW44)),"E_INVALID_DATE",IF(AW44<>INT(AW44),"E_INVALID_DATE",""))),IF(AV44="MONTH",IF(OR(AZ44="",BA44=""),"E_MISSING_INPUT",IF(OR(NOT(ISNUMBER(AZ44)),NOT(ISNUMBER(BA44))),"E_INVALID_DATE",IF(OR(AZ44<1900,AZ44>9999,AZ44<>INT(AZ44),BA44<1,BA44>12,BA44<>INT(BA44)),"E_INVALID_DATE",""))),IF(AV44="YEAR",IF(AZ44="","E_MISSING_INPUT",IF(NOT(ISNUMBER(AZ44)),"E_INVALID_DATE",IF(OR(AZ44<1900,AZ44>9999,AZ44<>INT(AZ44)),"E_INVALID_DATE",""))),IF(AV44="RANGE",IF(OR(BB44="",BC44=""),"E_MISSING_INPUT",IF(OR(NOT(ISNUMBER(BB44)),NOT(ISNUMBER(BC44))),"E_INVALID_DATE",IF(OR(BB44<>INT(BB44),BC44<>INT(BC44)),"E_INVALID_DATE",IF(BB44>BC44,"E_REVERSED_BOUNDS","")))),"E_INVALID_UNIT"))))))) | BF44: =IF(AND(BE44="",AV44="TIMESTAMP"),1,0) -> 0 | BG44: =IF(AND(BF44=1,AY44<>"unknown"),1,0) -> 0 | BH44: =IF(OR(BE44<>"",AV44=""),"",IF(OR(AV44="TIMESTAMP",AV44="DATE"),AW44,IF(AV44="MONTH",DATE(AZ44,BA44,1),IF(AV44="YEAR",DATE(AZ44,1,1),BB44)))) | BI44: =IF(OR(BE44<>"",AV44=""),"",IF(OR(AV44="TIMESTAMP",AV44="DATE"),AW44,IF(AV44="MONTH",EOMONTH(DATE(AZ44,BA44,1),0),IF(AV44="YEAR",DATE(AZ44,12,31),BC44)))) | BJ44: =IF(BF44=1,AW44*1440+ROUND(AX44*1440,0),"") | BK44: =IF(BG44=1,BJ44-(IF(LEFT(AY44,1)="-",-1,1)*(VALUE(MID(AY44,2,2))*60+VALUE(MID(AY44,5,2)))),"") | BL44: =IF(D44="","",A44&"|"&B44&"|"&D44) -> EX-C28|2|EX-AVA | BM44: =IF(BL44="",0,COUNTIF(nEXP_Key,BL44)) -> 1 | BN44: =IF(D44="",IF(COUNTA(C44,E44,N44,O44)>0,"E_MISSING_INPUT",""),IF(BM44>1,"E_DUPLICATE_ID",IF(W44<>"",W44,IF(AN44<>"",AN44,BE44)))) | BO44: =IF(BN44="","",BN44&": "&SUBSTITUTE(IFERROR(INDEX(nMSG_Text,MATCH(BN44,nMSG_Code,0)),""),"[input]",IF(D44="","an Exposure_Episode_ID","the date fields required by the selected precision")))
A45: EX-C28 | B45: 2 | C45: PREDNISOLONE | D45: EX-PRED | E45: Prednisolone, 10-day oral course | F45: concomitant | G45: oral | K45: NOT_REPORTED | L45: Dose not reported | M45: 10-day oral prednisolone course 02-11/03/2026 | N45: DATE | O45: 46083 | V45: Hepatology letter | W45: =IF(COUNTA(N45:U45)=0,"",IF(N45="","E_MISSING_INPUT",IF(N45="TIMESTAMP",IF(OR(O45="",P45="",Q45=""),"E_MISSING_INPUT",IF(OR(NOT(ISNUMBER(O45)),NOT(ISNUMBER(P45))),"E_INVALID_DATE",IF(OR(O45<>INT(O45),P45<0,P45>=1),"E_INVALID_DATE",IF(ISNA(MATCH(Q45,nLIST_Offset,0)),"E_INVALID_UNIT","")))),IF(N45="DATE",IF(O45="","E_MISSING_INPUT",IF(NOT(ISNUMBER(O45)),"E_INVALID_DATE",IF(O45<>INT(O45),"E_INVALID_DATE",""))),IF(N45="MONTH",IF(OR(R45="",S45=""),"E_MISSING_INPUT",IF(OR(NOT(ISNUMBER(R45)),NOT(ISNUMBER(S45))),"E_INVALID_DATE",IF(OR(R45<1900,R45>9999,R45<>INT(R45),S45<1,S45>12,S45<>INT(S45)),"E_INVALID_DATE",""))),IF(N45="YEAR",IF(R45="","E_MISSING_INPUT",IF(NOT(ISNUMBER(R45)),"E_INVALID_DATE",IF(OR(R45<1900,R45>9999,R45<>INT(R45)),"E_INVALID_DATE",""))),IF(N45="RANGE",IF(OR(T45="",U45=""),"E_MISSING_INPUT",IF(OR(NOT(ISNUMBER(T45)),NOT(ISNUMBER(U45))),"E_INVALID_DATE",IF(OR(T45<>INT(T45),U45<>INT(U45)),"E_INVALID_DATE",IF(T45>U45,"E_REVERSED_BOUNDS","")))),"E_INVALID_UNIT"))))))) | X45: =IF(AND(W45="",N45="TIMESTAMP"),1,0) -> 0 | Y45: =IF(AND(X45=1,Q45<>"unknown"),1,0) -> 0 | Z45: =IF(OR(W45<>"",N45=""),"",IF(OR(N45="TIMESTAMP",N45="DATE"),O45,IF(N45="MONTH",DATE(R45,S45,1),IF(N45="YEAR",DATE(R45,1,1),T45)))) -> 46083 | AA45: =IF(OR(W45<>"",N45=""),"",IF(OR(N45="TIMESTAMP",N45="DATE"),O45,IF(N45="MONTH",EOMONTH(DATE(R45,S45,1),0),IF(N45="YEAR",DATE(R45,12,31),U45)))) -> 46083 | AB45: =IF(X45=1,O45*1440+ROUND(P45*1440,0),"") | AC45: =IF(Y45=1,AB45-(IF(LEFT(Q45,1)="-",-1,1)*(VALUE(MID(Q45,2,2))*60+VALUE(MID(Q45,5,2)))),"") | AD45: 10-day oral prednisolone course 02-11/03/2026 | AE45: DATE | AF45: 46092 | AM45: Hepatology letter | AN45: =IF(COUNTA(AE45:AL45)=0,"",IF(AE45="","E_MISSING_INPUT",IF(AE45="TIMESTAMP",IF(OR(AF45="",AG45="",AH45=""),"E_MISSING_INPUT",IF(OR(NOT(ISNUMBER(AF45)),NOT(ISNUMBER(AG45))),"E_INVALID_DATE",IF(OR(AF45<>INT(AF45),AG45<0,AG45>=1),"E_INVALID_DATE",IF(ISNA(MATCH(AH45,nLIST_Offset,0)),"E_INVALID_UNIT","")))),IF(AE45="DATE",IF(AF45="","E_MISSING_INPUT",IF(NOT(ISNUMBER(AF45)),"E_INVALID_DATE",IF(AF45<>INT(AF45),"E_INVALID_DATE",""))),IF(AE45="MONTH",IF(OR(AI45="",AJ45=""),"E_MISSING_INPUT",IF(OR(NOT(ISNUMBER(AI45)),NOT(ISNUMBER(AJ45))),"E_INVALID_DATE",IF(OR(AI45<1900,AI45>9999,AI45<>INT(AI45),AJ45<1,AJ45>12,AJ45<>INT(AJ45)),"E_INVALID_DATE",""))),IF(AE45="YEAR",IF(AI45="","E_MISSING_INPUT",IF(NOT(ISNUMBER(AI45)),"E_INVALID_DATE",IF(OR(AI45<1900,AI45>9999,AI45<>INT(AI45)),"E_INVALID_DATE",""))),IF(AE45="RANGE",IF(OR(AK45="",AL45=""),"E_MISSING_INPUT",IF(OR(NOT(ISNUMBER(AK45)),NOT(ISNUMBER(AL45))),"E_INVALID_DATE",IF(OR(AK45<>INT(AK45),AL45<>INT(AL45)),"E_INVALID_DATE",IF(AK45>AL45,"E_REVERSED_BOUNDS","")))),"E_INVALID_UNIT"))))))) | AO45: =IF(AND(AN45="",AE45="TIMESTAMP"),1,0) -> 0 | AP45: =IF(AND(AO45=1,AH45<>"unknown"),1,0) -> 0 | AQ45: =IF(OR(AN45<>"",AE45=""),"",IF(OR(AE45="TIMESTAMP",AE45="DATE"),AF45,IF(AE45="MONTH",DATE(AI45,AJ45,1),IF(AE45="YEAR",DATE(AI45,1,1),AK45)))) -> 46092 | AR45: =IF(OR(AN45<>"",AE45=""),"",IF(OR(AE45="TIMESTAMP",AE45="DATE"),AF45,IF(AE45="MONTH",EOMONTH(DATE(AI45,AJ45,1),0),IF(AE45="YEAR",DATE(AI45,12,31),AL45)))) -> 46092 | AS45: =IF(AO45=1,AF45*1440+ROUND(AG45*1440,0),"") | AT45: =IF(AP45=1,AS45-(IF(LEFT(AH45,1)="-",-1,1)*(VALUE(MID(AH45,2,2))*60+VALUE(MID(AH45,5,2)))),"") | BE45: =IF(COUNTA(AV45:BC45)=0,"",IF(AV45="","E_MISSING_INPUT",IF(AV45="TIMESTAMP",IF(OR(AW45="",AX45="",AY45=""),"E_MISSING_INPUT",IF(OR(NOT(ISNUMBER(AW45)),NOT(ISNUMBER(AX45))),"E_INVALID_DATE",IF(OR(AW45<>INT(AW45),AX45<0,AX45>=1),"E_INVALID_DATE",IF(ISNA(MATCH(AY45,nLIST_Offset,0)),"E_INVALID_UNIT","")))),IF(AV45="DATE",IF(AW45="","E_MISSING_INPUT",IF(NOT(ISNUMBER(AW45)),"E_INVALID_DATE",IF(AW45<>INT(AW45),"E_INVALID_DATE",""))),IF(AV45="MONTH",IF(OR(AZ45="",BA45=""),"E_MISSING_INPUT",IF(OR(NOT(ISNUMBER(AZ45)),NOT(ISNUMBER(BA45))),"E_INVALID_DATE",IF(OR(AZ45<1900,AZ45>9999,AZ45<>INT(AZ45),BA45<1,BA45>12,BA45<>INT(BA45)),"E_INVALID_DATE",""))),IF(AV45="YEAR",IF(AZ45="","E_MISSING_INPUT",IF(NOT(ISNUMBER(AZ45)),"E_INVALID_DATE",IF(OR(AZ45<1900,AZ45>9999,AZ45<>INT(AZ45)),"E_INVALID_DATE",""))),IF(AV45="RANGE",IF(OR(BB45="",BC45=""),"E_MISSING_INPUT",IF(OR(NOT(ISNUMBER(BB45)),NOT(ISNUMBER(BC45))),"E_INVALID_DATE",IF(OR(BB45<>INT(BB45),BC45<>INT(BC45)),"E_INVALID_DATE",IF(BB45>BC45,"E_REVERSED_BOUNDS","")))),"E_INVALID_UNIT"))))))) | BF45: =IF(AND(BE45="",AV45="TIMESTAMP"),1,0) -> 0 | BG45: =IF(AND(BF45=1,AY45<>"unknown"),1,0) -> 0 | BH45: =IF(OR(BE45<>"",AV45=""),"",IF(OR(AV45="TIMESTAMP",AV45="DATE"),AW45,IF(AV45="MONTH",DATE(AZ45,BA45,1),IF(AV45="YEAR",DATE(AZ45,1,1),BB45)))) | BI45: =IF(OR(BE45<>"",AV45=""),"",IF(OR(AV45="TIMESTAMP",AV45="DATE"),AW45,IF(AV45="MONTH",EOMONTH(DATE(AZ45,BA45,1),0),IF(AV45="YEAR",DATE(AZ45,12,31),BC45)))) | BJ45: =IF(BF45=1,AW45*1440+ROUND(AX45*1440,0),"") | BK45: =IF(BG45=1,BJ45-(IF(LEFT(AY45,1)="-",-1,1)*(VALUE(MID(AY45,2,2))*60+VALUE(MID(AY45,5,2)))),"") | BL45: =IF(D45="","",A45&"|"&B45&"|"&D45) -> EX-C28|2|EX-PRED | BM45: =IF(BL45="",0,COUNTIF(nEXP_Key,BL45)) -> 1 | BN45: =IF(D45="",IF(COUNTA(C45,E45,N45,O45)>0,"E_MISSING_INPUT",""),IF(BM45>1,"E_DUPLICATE_ID",IF(W45<>"",W45,IF(AN45<>"",AN45,BE45)))) | BO45: =IF(BN45="","",BN45&": "&SUBSTITUTE(IFERROR(INDEX(nMSG_Text,MATCH(BN45,nMSG_Code,0)),""),"[input]",IF(D45="","an Exposure_Episode_ID","the date fields required by the selected precision")))
A46: EX-C28 | B46: 2 | C46: ANTIVIRAL-A | D46: EX-AVA2 | E46: Antiviral A, treatment of the event | F46: treatment of the event | G46: oral | M46: Antiviral A restarted 27/05/2026 | N46: DATE | O46: 46169 | V46: Hepatology letter | W46: =IF(COUNTA(N46:U46)=0,"",IF(N46="","E_MISSING_INPUT",IF(N46="TIMESTAMP",IF(OR(O46="",P46="",Q46=""),"E_MISSING_INPUT",IF(OR(NOT(ISNUMBER(O46)),NOT(ISNUMBER(P46))),"E_INVALID_DATE",IF(OR(O46<>INT(O46),P46<0,P46>=1),"E_INVALID_DATE",IF(ISNA(MATCH(Q46,nLIST_Offset,0)),"E_INVALID_UNIT","")))),IF(N46="DATE",IF(O46="","E_MISSING_INPUT",IF(NOT(ISNUMBER(O46)),"E_INVALID_DATE",IF(O46<>INT(O46),"E_INVALID_DATE",""))),IF(N46="MONTH",IF(OR(R46="",S46=""),"E_MISSING_INPUT",IF(OR(NOT(ISNUMBER(R46)),NOT(ISNUMBER(S46))),"E_INVALID_DATE",IF(OR(R46<1900,R46>9999,R46<>INT(R46),S46<1,S46>12,S46<>INT(S46)),"E_INVALID_DATE",""))),IF(N46="YEAR",IF(R46="","E_MISSING_INPUT",IF(NOT(ISNUMBER(R46)),"E_INVALID_DATE",IF(OR(R46<1900,R46>9999,R46<>INT(R46)),"E_INVALID_DATE",""))),IF(N46="RANGE",IF(OR(T46="",U46=""),"E_MISSING_INPUT",IF(OR(NOT(ISNUMBER(T46)),NOT(ISNUMBER(U46))),"E_INVALID_DATE",IF(OR(T46<>INT(T46),U46<>INT(U46)),"E_INVALID_DATE",IF(T46>U46,"E_REVERSED_BOUNDS","")))),"E_INVALID_UNIT"))))))) | X46: =IF(AND(W46="",N46="TIMESTAMP"),1,0) -> 0 | Y46: =IF(AND(X46=1,Q46<>"unknown"),1,0) -> 0 | Z46: =IF(OR(W46<>"",N46=""),"",IF(OR(N46="TIMESTAMP",N46="DATE"),O46,IF(N46="MONTH",DATE(R46,S46,1),IF(N46="YEAR",DATE(R46,1,1),T46)))) -> 46169 | AA46: =IF(OR(W46<>"",N46=""),"",IF(OR(N46="TIMESTAMP",N46="DATE"),O46,IF(N46="MONTH",EOMONTH(DATE(R46,S46,1),0),IF(N46="YEAR",DATE(R46,12,31),U46)))) -> 46169 | AB46: =IF(X46=1,O46*1440+ROUND(P46*1440,0),"") | AC46: =IF(Y46=1,AB46-(IF(LEFT(Q46,1)="-",-1,1)*(VALUE(MID(Q46,2,2))*60+VALUE(MID(Q46,5,2)))),"") | AN46: =IF(COUNTA(AE46:AL46)=0,"",IF(AE46="","E_MISSING_INPUT",IF(AE46="TIMESTAMP",IF(OR(AF46="",AG46="",AH46=""),"E_MISSING_INPUT",IF(OR(NOT(ISNUMBER(AF46)),NOT(ISNUMBER(AG46))),"E_INVALID_DATE",IF(OR(AF46<>INT(AF46),AG46<0,AG46>=1),"E_INVALID_DATE",IF(ISNA(MATCH(AH46,nLIST_Offset,0)),"E_INVALID_UNIT","")))),IF(AE46="DATE",IF(AF46="","E_MISSING_INPUT",IF(NOT(ISNUMBER(AF46)),"E_INVALID_DATE",IF(AF46<>INT(AF46),"E_INVALID_DATE",""))),IF(AE46="MONTH",IF(OR(AI46="",AJ46=""),"E_MISSING_INPUT",IF(OR(NOT(ISNUMBER(AI46)),NOT(ISNUMBER(AJ46))),"E_INVALID_DATE",IF(OR(AI46<1900,AI46>9999,AI46<>INT(AI46),AJ46<1,AJ46>12,AJ46<>INT(AJ46)),"E_INVALID_DATE",""))),IF(AE46="YEAR",IF(AI46="","E_MISSING_INPUT",IF(NOT(ISNUMBER(AI46)),"E_INVALID_DATE",IF(OR(AI46<1900,AI46>9999,AI46<>INT(AI46)),"E_INVALID_DATE",""))),IF(AE46="RANGE",IF(OR(AK46="",AL46=""),"E_MISSING_INPUT",IF(OR(NOT(ISNUMBER(AK46)),NOT(ISNUMBER(AL46))),"E_INVALID_DATE",IF(OR(AK46<>INT(AK46),AL46<>INT(AL46)),"E_INVALID_DATE",IF(AK46>AL46,"E_REVERSED_BOUNDS","")))),"E_INVALID_UNIT"))))))) | AO46: =IF(AND(AN46="",AE46="TIMESTAMP"),1,0) -> 0 | AP46: =IF(AND(AO46=1,AH46<>"unknown"),1,0) -> 0 | AQ46: =IF(OR(AN46<>"",AE46=""),"",IF(OR(AE46="TIMESTAMP",AE46="DATE"),AF46,IF(AE46="MONTH",DATE(AI46,AJ46,1),IF(AE46="YEAR",DATE(AI46,1,1),AK46)))) | AR46: =IF(OR(AN46<>"",AE46=""),"",IF(OR(AE46="TIMESTAMP",AE46="DATE"),AF46,IF(AE46="MONTH",EOMONTH(DATE(AI46,AJ46,1),0),IF(AE46="YEAR",DATE(AI46,12,31),AL46)))) | AS46: =IF(AO46=1,AF46*1440+ROUND(AG46*1440,0),"") | AT46: =IF(AP46=1,AS46-(IF(LEFT(AH46,1)="-",-1,1)*(VALUE(MID(AH46,2,2))*60+VALUE(MID(AH46,5,2)))),"") | BE46: =IF(COUNTA(AV46:BC46)=0,"",IF(AV46="","E_MISSING_INPUT",IF(AV46="TIMESTAMP",IF(OR(AW46="",AX46="",AY46=""),"E_MISSING_INPUT",IF(OR(NOT(ISNUMBER(AW46)),NOT(ISNUMBER(AX46))),"E_INVALID_DATE",IF(OR(AW46<>INT(AW46),AX46<0,AX46>=1),"E_INVALID_DATE",IF(ISNA(MATCH(AY46,nLIST_Offset,0)),"E_INVALID_UNIT","")))),IF(AV46="DATE",IF(AW46="","E_MISSING_INPUT",IF(NOT(ISNUMBER(AW46)),"E_INVALID_DATE",IF(AW46<>INT(AW46),"E_INVALID_DATE",""))),IF(AV46="MONTH",IF(OR(AZ46="",BA46=""),"E_MISSING_INPUT",IF(OR(NOT(ISNUMBER(AZ46)),NOT(ISNUMBER(BA46))),"E_INVALID_DATE",IF(OR(AZ46<1900,AZ46>9999,AZ46<>INT(AZ46),BA46<1,BA46>12,BA46<>INT(BA46)),"E_INVALID_DATE",""))),IF(AV46="YEAR",IF(AZ46="","E_MISSING_INPUT",IF(NOT(ISNUMBER(AZ46)),"E_INVALID_DATE",IF(OR(AZ46<1900,AZ46>9999,AZ46<>INT(AZ46)),"E_INVALID_DATE",""))),IF(AV46="RANGE",IF(OR(BB46="",BC46=""),"E_MISSING_INPUT",IF(OR(NOT(ISNUMBER(BB46)),NOT(ISNUMBER(BC46))),"E_INVALID_DATE",IF(OR(BB46<>INT(BB46),BC46<>INT(BC46)),"E_INVALID_DATE",IF(BB46>BC46,"E_REVERSED_BOUNDS","")))),"E_INVALID_UNIT"))))))) | BF46: =IF(AND(BE46="",AV46="TIMESTAMP"),1,0) -> 0 | BG46: =IF(AND(BF46=1,AY46<>"unknown"),1,0) -> 0 | BH46: =IF(OR(BE46<>"",AV46=""),"",IF(OR(AV46="TIMESTAMP",AV46="DATE"),AW46,IF(AV46="MONTH",DATE(AZ46,BA46,1),IF(AV46="YEAR",DATE(AZ46,1,1),BB46)))) | BI46: =IF(OR(BE46<>"",AV46=""),"",IF(OR(AV46="TIMESTAMP",AV46="DATE"),AW46,IF(AV46="MONTH",EOMONTH(DATE(AZ46,BA46,1),0),IF(AV46="YEAR",DATE(AZ46,12,31),BC46)))) | BJ46: =IF(BF46=1,AW46*1440+ROUND(AX46*1440,0),"") | BK46: =IF(BG46=1,BJ46-(IF(LEFT(AY46,1)="-",-1,1)*(VALUE(MID(AY46,2,2))*60+VALUE(MID(AY46,5,2)))),"") | BL46: =IF(D46="","",A46&"|"&B46&"|"&D46) -> EX-C28|2|EX-AVA2 | BM46: =IF(BL46="",0,COUNTIF(nEXP_Key,BL46)) -> 1 | BN46: =IF(D46="",IF(COUNTA(C46,E46,N46,O46)>0,"E_MISSING_INPUT",""),IF(BM46>1,"E_DUPLICATE_ID",IF(W46<>"",W46,IF(AN46<>"",AN46,BE46)))) | BO46: =IF(BN46="","",BN46&": "&SUBSTITUTE(IFERROR(INDEX(nMSG_Text,MATCH(BN46,nMSG_Code,0)),""),"[input]",IF(D46="","an Exposure_Episode_ID","the date fields required by the selected precision")))
A47: Reserved, locked rows: CALC-SPEC 1.0 verification vectors (VEC-V01 ... VEC-V27), read by the Verification sheet. They use the same column formulas as your own rows.
A48: VEC-V01 | B48: 1 | C48: D1 | D48: EX1 | E48: Vector drug | M48: 2026-01-10T09:00-05:00 | N48: TIMESTAMP | O48: 46032 | P48: 0.375 | Q48: -05:00 | V48: tto_calc_test_vectors_v1.0.json V01 | W48: =IF(COUNTA(N48:U48)=0,"",IF(N48="","E_MISSING_INPUT",IF(N48="TIMESTAMP",IF(OR(O48="",P48="",Q48=""),"E_MISSING_INPUT",IF(OR(NOT(ISNUMBER(O48)),NOT(ISNUMBER(P48))),"E_INVALID_DATE",IF(OR(O48<>INT(O48),P48<0,P48>=1),"E_INVALID_DATE",IF(ISNA(MATCH(Q48,nLIST_Offset,0)),"E_INVALID_UNIT","")))),IF(N48="DATE",IF(O48="","E_MISSING_INPUT",IF(NOT(ISNUMBER(O48)),"E_INVALID_DATE",IF(O48<>INT(O48),"E_INVALID_DATE",""))),IF(N48="MONTH",IF(OR(R48="",S48=""),"E_MISSING_INPUT",IF(OR(NOT(ISNUMBER(R48)),NOT(ISNUMBER(S48))),"E_INVALID_DATE",IF(OR(R48<1900,R48>9999,R48<>INT(R48),S48<1,S48>12,S48<>INT(S48)),"E_INVALID_DATE",""))),IF(N48="YEAR",IF(R48="","E_MISSING_INPUT",IF(NOT(ISNUMBER(R48)),"E_INVALID_DATE",IF(OR(R48<1900,R48>9999,R48<>INT(R48)),"E_INVALID_DATE",""))),IF(N48="RANGE",IF(OR(T48="",U48=""),"E_MISSING_INPUT",IF(OR(NOT(ISNUMBER(T48)),NOT(ISNUMBER(U48))),"E_INVALID_DATE",IF(OR(T48<>INT(T48),U48<>INT(U48)),"E_INVALID_DATE",IF(T48>U48,"E_REVERSED_BOUNDS","")))),"E_INVALID_UNIT"))))))) | X48: =IF(AND(W48="",N48="TIMESTAMP"),1,0) -> 1 | Y48: =IF(AND(X48=1,Q48<>"unknown"),1,0) -> 1 | Z48: =IF(OR(W48<>"",N48=""),"",IF(OR(N48="TIMESTAMP",N48="DATE"),O48,IF(N48="MONTH",DATE(R48,S48,1),IF(N48="YEAR",DATE(R48,1,1),T48)))) -> 46032 | AA48: =IF(OR(W48<>"",N48=""),"",IF(OR(N48="TIMESTAMP",N48="DATE"),O48,IF(N48="MONTH",EOMONTH(DATE(R48,S48,1),0),IF(N48="YEAR",DATE(R48,12,31),U48)))) -> 46032 | AB48: =IF(X48=1,O48*1440+ROUND(P48*1440,0),"") -> 66286620 | AC48: =IF(Y48=1,AB48-(IF(LEFT(Q48,1)="-",-1,1)*(VALUE(MID(Q48,2,2))*60+VALUE(MID(Q48,5,2)))),"") -> 66286920 | AN48: =IF(COUNTA(AE48:AL48)=0,"",IF(AE48="","E_MISSING_INPUT",IF(AE48="TIMESTAMP",IF(OR(AF48="",AG48="",AH48=""),"E_MISSING_INPUT",IF(OR(NOT(ISNUMBER(AF48)),NOT(ISNUMBER(AG48))),"E_INVALID_DATE",IF(OR(AF48<>INT(AF48),AG48<0,AG48>=1),"E_INVALID_DATE",IF(ISNA(MATCH(AH48,nLIST_Offset,0)),"E_INVALID_UNIT","")))),IF(AE48="DATE",IF(AF48="","E_MISSING_INPUT",IF(NOT(ISNUMBER(AF48)),"E_INVALID_DATE",IF(AF48<>INT(AF48),"E_INVALID_DATE",""))),IF(AE48="MONTH",IF(OR(AI48="",AJ48=""),"E_MISSING_INPUT",IF(OR(NOT(ISNUMBER(AI48)),NOT(ISNUMBER(AJ48))),"E_INVALID_DATE",IF(OR(AI48<1900,AI48>9999,AI48<>INT(AI48),AJ48<1,AJ48>12,AJ48<>INT(AJ48)),"E_INVALID_DATE",""))),IF(AE48="YEAR",IF(AI48="","E_MISSING_INPUT",IF(NOT(ISNUMBER(AI48)),"E_INVALID_DATE",IF(OR(AI48<1900,AI48>9999,AI48<>INT(AI48)),"E_INVALID_DATE",""))),IF(AE48="RANGE",IF(OR(AK48="",AL48=""),"E_MISSING_INPUT",IF(OR(NOT(ISNUMBER(AK48)),NOT(ISNUMBER(AL48))),"E_INVALID_DATE",IF(OR(AK48<>INT(AK48),AL48<>INT(AL48)),"E_INVALID_DATE",IF(AK48>AL48,"E_REVERSED_BOUNDS","")))),"E_INVALID_UNIT"))))))) | AO48: =IF(AND(AN48="",AE48="TIMESTAMP"),1,0) -> 0 | AP48: =IF(AND(AO48=1,AH48<>"unknown"),1,0) -> 0 | AQ48: =IF(OR(AN48<>"",AE48=""),"",IF(OR(AE48="TIMESTAMP",AE48="DATE"),AF48,IF(AE48="MONTH",DATE(AI48,AJ48,1),IF(AE48="YEAR",DATE(AI48,1,1),AK48)))) | AR48: =IF(OR(AN48<>"",AE48=""),"",IF(OR(AE48="TIMESTAMP",AE48="DATE"),AF48,IF(AE48="MONTH",EOMONTH(DATE(AI48,AJ48,1),0),IF(AE48="YEAR",DATE(AI48,12,31),AL48)))) | AS48: =IF(AO48=1,AF48*1440+ROUND(AG48*1440,0),"") | AT48: =IF(AP48=1,AS48-(IF(LEFT(AH48,1)="-",-1,1)*(VALUE(MID(AH48,2,2))*60+VALUE(MID(AH48,5,2)))),"") | BE48: =IF(COUNTA(AV48:BC48)=0,"",IF(AV48="","E_MISSING_INPUT",IF(AV48="TIMESTAMP",IF(OR(AW48="",AX48="",AY48=""),"E_MISSING_INPUT",IF(OR(NOT(ISNUMBER(AW48)),NOT(ISNUMBER(AX48))),"E_INVALID_DATE",IF(OR(AW48<>INT(AW48),AX48<0,AX48>=1),"E_INVALID_DATE",IF(ISNA(MATCH(AY48,nLIST_Offset,0)),"E_INVALID_UNIT","")))),IF(AV48="DATE",IF(AW48="","E_MISSING_INPUT",IF(NOT(ISNUMBER(AW48)),"E_INVALID_DATE",IF(AW48<>INT(AW48),"E_INVALID_DATE",""))),IF(AV48="MONTH",IF(OR(AZ48="",BA48=""),"E_MISSING_INPUT",IF(OR(NOT(ISNUMBER(AZ48)),NOT(ISNUMBER(BA48))),"E_INVALID_DATE",IF(OR(AZ48<1900,AZ48>9999,AZ48<>INT(AZ48),BA48<1,BA48>12,BA48<>INT(BA48)),"E_INVALID_DATE",""))),IF(AV48="YEAR",IF(AZ48="","E_MISSING_INPUT",IF(NOT(ISNUMBER(AZ48)),"E_INVALID_DATE",IF(OR(AZ48<1900,AZ48>9999,AZ48<>INT(AZ48)),"E_INVALID_DATE",""))),IF(AV48="RANGE",IF(OR(BB48="",BC48=""),"E_MISSING_INPUT",IF(OR(NOT(ISNUMBER(BB48)),NOT(ISNUMBER(BC48))),"E_INVALID_DATE",IF(OR(BB48<>INT(BB48),BC48<>INT(BC48)),"E_INVALID_DATE",IF(BB48>BC48,"E_REVERSED_BOUNDS","")))),"E_INVALID_UNIT"))))))) | BF48: =IF(AND(BE48="",AV48="TIMESTAMP"),1,0) -> 0 | BG48: =IF(AND(BF48=1,AY48<>"unknown"),1,0) -> 0 | BH48: =IF(OR(BE48<>"",AV48=""),"",IF(OR(AV48="TIMESTAMP",AV48="DATE"),AW48,IF(AV48="MONTH",DATE(AZ48,BA48,1),IF(AV48="YEAR",DATE(AZ48,1,1),BB48)))) | BI48: =IF(OR(BE48<>"",AV48=""),"",IF(OR(AV48="TIMESTAMP",AV48="DATE"),AW48,IF(AV48="MONTH",EOMONTH(DATE(AZ48,BA48,1),0),IF(AV48="YEAR",DATE(AZ48,12,31),BC48)))) | BJ48: =IF(BF48=1,AW48*1440+ROUND(AX48*1440,0),"") | BK48: =IF(BG48=1,BJ48-(IF(LEFT(AY48,1)="-",-1,1)*(VALUE(MID(AY48,2,2))*60+VALUE(MID(AY48,5,2)))),"") | BL48: =IF(D48="","",A48&"|"&B48&"|"&D48) -> VEC-V01|1|EX1 | BM48: =IF(BL48="",0,COUNTIF(nEXP_Key,BL48)) -> 1 | BN48: =IF(D48="",IF(COUNTA(C48,E48,N48,O48)>0,"E_MISSING_INPUT",""),IF(BM48>1,"E_DUPLICATE_ID",IF(W48<>"",W48,IF(AN48<>"",AN48,BE48)))) | BO48: =IF(BN48="","",BN48&": "&SUBSTITUTE(IFERROR(INDEX(nMSG_Text,MATCH(BN48,nMSG_Code,0)),""),"[input]",IF(D48="","an Exposure_Episode_ID","the date fields required by the selected precision")))
A49: VEC-V02 | B49: 1 | C49: D1 | D49: EX1 | E49: Vector drug | M49: 2026-01-01 | N49: DATE | O49: 46023 | V49: tto_calc_test_vectors_v1.0.json V02 | W49: =IF(COUNTA(N49:U49)=0,"",IF(N49="","E_MISSING_INPUT",IF(N49="TIMESTAMP",IF(OR(O49="",P49="",Q49=""),"E_MISSING_INPUT",IF(OR(NOT(ISNUMBER(O49)),NOT(ISNUMBER(P49))),"E_INVALID_DATE",IF(OR(O49<>INT(O49),P49<0,P49>=1),"E_INVALID_DATE",IF(ISNA(MATCH(Q49,nLIST_Offset,0)),"E_INVALID_UNIT","")))),IF(N49="DATE",IF(O49="","E_MISSING_INPUT",IF(NOT(ISNUMBER(O49)),"E_INVALID_DATE",IF(O49<>INT(O49),"E_INVALID_DATE",""))),IF(N49="MONTH",IF(OR(R49="",S49=""),"E_MISSING_INPUT",IF(OR(NOT(ISNUMBER(R49)),NOT(ISNUMBER(S49))),"E_INVALID_DATE",IF(OR(R49<1900,R49>9999,R49<>INT(R49),S49<1,S49>12,S49<>INT(S49)),"E_INVALID_DATE",""))),IF(N49="YEAR",IF(R49="","E_MISSING_INPUT",IF(NOT(ISNUMBER(R49)),"E_INVALID_DATE",IF(OR(R49<1900,R49>9999,R49<>INT(R49)),"E_INVALID_DATE",""))),IF(N49="RANGE",IF(OR(T49="",U49=""),"E_MISSING_INPUT",IF(OR(NOT(ISNUMBER(T49)),NOT(ISNUMBER(U49))),"E_INVALID_DATE",IF(OR(T49<>INT(T49),U49<>INT(U49)),"E_INVALID_DATE",IF(T49>U49,"E_REVERSED_BOUNDS","")))),"E_INVALID_UNIT"))))))) | X49: =IF(AND(W49="",N49="TIMESTAMP"),1,0) -> 0 | Y49: =IF(AND(X49=1,Q49<>"unknown"),1,0) -> 0 | Z49: =IF(OR(W49<>"",N49=""),"",IF(OR(N49="TIMESTAMP",N49="DATE"),O49,IF(N49="MONTH",DATE(R49,S49,1),IF(N49="YEAR",DATE(R49,1,1),T49)))) -> 46023 | AA49: =IF(OR(W49<>"",N49=""),"",IF(OR(N49="TIMESTAMP",N49="DATE"),O49,IF(N49="MONTH",EOMONTH(DATE(R49,S49,1),0),IF(N49="YEAR",DATE(R49,12,31),U49)))) -> 46023 | AB49: =IF(X49=1,O49*1440+ROUND(P49*1440,0),"") | AC49: =IF(Y49=1,AB49-(IF(LEFT(Q49,1)="-",-1,1)*(VALUE(MID(Q49,2,2))*60+VALUE(MID(Q49,5,2)))),"") | AN49: =IF(COUNTA(AE49:AL49)=0,"",IF(AE49="","E_MISSING_INPUT",IF(AE49="TIMESTAMP",IF(OR(AF49="",AG49="",AH49=""),"E_MISSING_INPUT",IF(OR(NOT(ISNUMBER(AF49)),NOT(ISNUMBER(AG49))),"E_INVALID_DATE",IF(OR(AF49<>INT(AF49),AG49<0,AG49>=1),"E_INVALID_DATE",IF(ISNA(MATCH(AH49,nLIST_Offset,0)),"E_INVALID_UNIT","")))),IF(AE49="DATE",IF(AF49="","E_MISSING_INPUT",IF(NOT(ISNUMBER(AF49)),"E_INVALID_DATE",IF(AF49<>INT(AF49),"E_INVALID_DATE",""))),IF(AE49="MONTH",IF(OR(AI49="",AJ49=""),"E_MISSING_INPUT",IF(OR(NOT(ISNUMBER(AI49)),NOT(ISNUMBER(AJ49))),"E_INVALID_DATE",IF(OR(AI49<1900,AI49>9999,AI49<>INT(AI49),AJ49<1,AJ49>12,AJ49<>INT(AJ49)),"E_INVALID_DATE",""))),IF(AE49="YEAR",IF(AI49="","E_MISSING_INPUT",IF(NOT(ISNUMBER(AI49)),"E_INVALID_DATE",IF(OR(AI49<1900,AI49>9999,AI49<>INT(AI49)),"E_INVALID_DATE",""))),IF(AE49="RANGE",IF(OR(AK49="",AL49=""),"E_MISSING_INPUT",IF(OR(NOT(ISNUMBER(AK49)),NOT(ISNUMBER(AL49))),"E_INVALID_DATE",IF(OR(AK49<>INT(AK49),AL49<>INT(AL49)),"E_INVALID_DATE",IF(AK49>AL49,"E_REVERSED_BOUNDS","")))),"E_INVALID_UNIT"))))))) | AO49: =IF(AND(AN49="",AE49="TIMESTAMP"),1,0) -> 0 | AP49: =IF(AND(AO49=1,AH49<>"unknown"),1,0) -> 0 | AQ49: =IF(OR(AN49<>"",AE49=""),"",IF(OR(AE49="TIMESTAMP",AE49="DATE"),AF49,IF(AE49="MONTH",DATE(AI49,AJ49,1),IF(AE49="YEAR",DATE(AI49,1,1),AK49)))) | AR49: =IF(OR(AN49<>"",AE49=""),"",IF(OR(AE49="TIMESTAMP",AE49="DATE"),AF49,IF(AE49="MONTH",EOMONTH(DATE(AI49,AJ49,1),0),IF(AE49="YEAR",DATE(AI49,12,31),AL49)))) | AS49: =IF(AO49=1,AF49*1440+ROUND(AG49*1440,0),"") | AT49: =IF(AP49=1,AS49-(IF(LEFT(AH49,1)="-",-1,1)*(VALUE(MID(AH49,2,2))*60+VALUE(MID(AH49,5,2)))),"") | BE49: =IF(COUNTA(AV49:BC49)=0,"",IF(AV49="","E_MISSING_INPUT",IF(AV49="TIMESTAMP",IF(OR(AW49="",AX49="",AY49=""),"E_MISSING_INPUT",IF(OR(NOT(ISNUMBER(AW49)),NOT(ISNUMBER(AX49))),"E_INVALID_DATE",IF(OR(AW49<>INT(AW49),AX49<0,AX49>=1),"E_INVALID_DATE",IF(ISNA(MATCH(AY49,nLIST_Offset,0)),"E_INVALID_UNIT","")))),IF(AV49="DATE",IF(AW49="","E_MISSING_INPUT",IF(NOT(ISNUMBER(AW49)),"E_INVALID_DATE",IF(AW49<>INT(AW49),"E_INVALID_DATE",""))),IF(AV49="MONTH",IF(OR(AZ49="",BA49=""),"E_MISSING_INPUT",IF(OR(NOT(ISNUMBER(AZ49)),NOT(ISNUMBER(BA49))),"E_INVALID_DATE",IF(OR(AZ49<1900,AZ49>9999,AZ49<>INT(AZ49),BA49<1,BA49>12,BA49<>INT(BA49)),"E_INVALID_DATE",""))),IF(AV49="YEAR",IF(AZ49="","E_MISSING_INPUT",IF(NOT(ISNUMBER(AZ49)),"E_INVALID_DATE",IF(OR(AZ49<1900,AZ49>9999,AZ49<>INT(AZ49)),"E_INVALID_DATE",""))),IF(AV49="RANGE",IF(OR(BB49="",BC49=""),"E_MISSING_INPUT",IF(OR(NOT(ISNUMBER(BB49)),NOT(ISNUMBER(BC49))),"E_INVALID_DATE",IF(OR(BB49<>INT(BB49),BC49<>INT(BC49)),"E_INVALID_DATE",IF(BB49>BC49,"E_REVERSED_BOUNDS","")))),"E_INVALID_UNIT"))))))) | BF49: =IF(AND(BE49="",AV49="TIMESTAMP"),1,0) -> 0 | BG49: =IF(AND(BF49=1,AY49<>"unknown"),1,0) -> 0 | BH49: =IF(OR(BE49<>"",AV49=""),"",IF(OR(AV49="TIMESTAMP",AV49="DATE"),AW49,IF(AV49="MONTH",DATE(AZ49,BA49,1),IF(AV49="YEAR",DATE(AZ49,1,1),BB49)))) | BI49: =IF(OR(BE49<>"",AV49=""),"",IF(OR(AV49="TIMESTAMP",AV49="DATE"),AW49,IF(AV49="MONTH",EOMONTH(DATE(AZ49,BA49,1),0),IF(AV49="YEAR",DATE(AZ49,12,31),BC49)))) | BJ49: =IF(BF49=1,AW49*1440+ROUND(AX49*1440,0),"") | BK49: =IF(BG49=1,BJ49-(IF(LEFT(AY49,1)="-",-1,1)*(VALUE(MID(AY49,2,2))*60+VALUE(MID(AY49,5,2)))),"") | BL49: =IF(D49="","",A49&"|"&B49&"|"&D49) -> VEC-V02|1|EX1 | BM49: =IF(BL49="",0,COUNTIF(nEXP_Key,BL49)) -> 1 | BN49: =IF(D49="",IF(COUNTA(C49,E49,N49,O49)>0,"E_MISSING_INPUT",""),IF(BM49>1,"E_DUPLICATE_ID",IF(W49<>"",W49,IF(AN49<>"",AN49,BE49)))) | BO49: =IF(BN49="","",BN49&": "&SUBSTITUTE(IFERROR(INDEX(nMSG_Text,MATCH(BN49,nMSG_Code,0)),""),"[input]",IF(D49="","an Exposure_Episode_ID","the date fields required by the selected precision")))
A50: VEC-V03 | B50: 1 | C50: D1 | D50: EX1 | E50: Vector drug | M50: 2026-01-05 | N50: DATE | O50: 46027 | V50: tto_calc_test_vectors_v1.0.json V03 | W50: =IF(COUNTA(N50:U50)=0,"",IF(N50="","E_MISSING_INPUT",IF(N50="TIMESTAMP",IF(OR(O50="",P50="",Q50=""),"E_MISSING_INPUT",IF(OR(NOT(ISNUMBER(O50)),NOT(ISNUMBER(P50))),"E_INVALID_DATE",IF(OR(O50<>INT(O50),P50<0,P50>=1),"E_INVALID_DATE",IF(ISNA(MATCH(Q50,nLIST_Offset,0)),"E_INVALID_UNIT","")))),IF(N50="DATE",IF(O50="","E_MISSING_INPUT",IF(NOT(ISNUMBER(O50)),"E_INVALID_DATE",IF(O50<>INT(O50),"E_INVALID_DATE",""))),IF(N50="MONTH",IF(OR(R50="",S50=""),"E_MISSING_INPUT",IF(OR(NOT(ISNUMBER(R50)),NOT(ISNUMBER(S50))),"E_INVALID_DATE",IF(OR(R50<1900,R50>9999,R50<>INT(R50),S50<1,S50>12,S50<>INT(S50)),"E_INVALID_DATE",""))),IF(N50="YEAR",IF(R50="","E_MISSING_INPUT",IF(NOT(ISNUMBER(R50)),"E_INVALID_DATE",IF(OR(R50<1900,R50>9999,R50<>INT(R50)),"E_INVALID_DATE",""))),IF(N50="RANGE",IF(OR(T50="",U50=""),"E_MISSING_INPUT",IF(OR(NOT(ISNUMBER(T50)),NOT(ISNUMBER(U50))),"E_INVALID_DATE",IF(OR(T50<>INT(T50),U50<>INT(U50)),"E_INVALID_DATE",IF(T50>U50,"E_REVERSED_BOUNDS","")))),"E_INVALID_UNIT"))))))) | X50: =IF(AND(W50="",N50="TIMESTAMP"),1,0) -> 0 | Y50: =IF(AND(X50=1,Q50<>"unknown"),1,0) -> 0 | Z50: =IF(OR(W50<>"",N50=""),"",IF(OR(N50="TIMESTAMP",N50="DATE"),O50,IF(N50="MONTH",DATE(R50,S50,1),IF(N50="YEAR",DATE(R50,1,1),T50)))) -> 46027 | AA50: =IF(OR(W50<>"",N50=""),"",IF(OR(N50="TIMESTAMP",N50="DATE"),O50,IF(N50="MONTH",EOMONTH(DATE(R50,S50,1),0),IF(N50="YEAR",DATE(R50,12,31),U50)))) -> 46027 | AB50: =IF(X50=1,O50*1440+ROUND(P50*1440,0),"") | AC50: =IF(Y50=1,AB50-(IF(LEFT(Q50,1)="-",-1,1)*(VALUE(MID(Q50,2,2))*60+VALUE(MID(Q50,5,2)))),"") | AN50: =IF(COUNTA(AE50:AL50)=0,"",IF(AE50="","E_MISSING_INPUT",IF(AE50="TIMESTAMP",IF(OR(AF50="",AG50="",AH50=""),"E_MISSING_INPUT",IF(OR(NOT(ISNUMBER(AF50)),NOT(ISNUMBER(AG50))),"E_INVALID_DATE",IF(OR(AF50<>INT(AF50),AG50<0,AG50>=1),"E_INVALID_DATE",IF(ISNA(MATCH(AH50,nLIST_Offset,0)),"E_INVALID_UNIT","")))),IF(AE50="DATE",IF(AF50="","E_MISSING_INPUT",IF(NOT(ISNUMBER(AF50)),"E_INVALID_DATE",IF(AF50<>INT(AF50),"E_INVALID_DATE",""))),IF(AE50="MONTH",IF(OR(AI50="",AJ50=""),"E_MISSING_INPUT",IF(OR(NOT(ISNUMBER(AI50)),NOT(ISNUMBER(AJ50))),"E_INVALID_DATE",IF(OR(AI50<1900,AI50>9999,AI50<>INT(AI50),AJ50<1,AJ50>12,AJ50<>INT(AJ50)),"E_INVALID_DATE",""))),IF(AE50="YEAR",IF(AI50="","E_MISSING_INPUT",IF(NOT(ISNUMBER(AI50)),"E_INVALID_DATE",IF(OR(AI50<1900,AI50>9999,AI50<>INT(AI50)),"E_INVALID_DATE",""))),IF(AE50="RANGE",IF(OR(AK50="",AL50=""),"E_MISSING_INPUT",IF(OR(NOT(ISNUMBER(AK50)),NOT(ISNUMBER(AL50))),"E_INVALID_DATE",IF(OR(AK50<>INT(AK50),AL50<>INT(AL50)),"E_INVALID_DATE",IF(AK50>AL50,"E_REVERSED_BOUNDS","")))),"E_INVALID_UNIT"))))))) | AO50: =IF(AND(AN50="",AE50="TIMESTAMP"),1,0) -> 0 | AP50: =IF(AND(AO50=1,AH50<>"unknown"),1,0) -> 0 | AQ50: =IF(OR(AN50<>"",AE50=""),"",IF(OR(AE50="TIMESTAMP",AE50="DATE"),AF50,IF(AE50="MONTH",DATE(AI50,AJ50,1),IF(AE50="YEAR",DATE(AI50,1,1),AK50)))) | AR50: =IF(OR(AN50<>"",AE50=""),"",IF(OR(AE50="TIMESTAMP",AE50="DATE"),AF50,IF(AE50="MONTH",EOMONTH(DATE(AI50,AJ50,1),0),IF(AE50="YEAR",DATE(AI50,12,31),AL50)))) | AS50: =IF(AO50=1,AF50*1440+ROUND(AG50*1440,0),"") | AT50: =IF(AP50=1,AS50-(IF(LEFT(AH50,1)="-",-1,1)*(VALUE(MID(AH50,2,2))*60+VALUE(MID(AH50,5,2)))),"") | BE50: =IF(COUNTA(AV50:BC50)=0,"",IF(AV50="","E_MISSING_INPUT",IF(AV50="TIMESTAMP",IF(OR(AW50="",AX50="",AY50=""),"E_MISSING_INPUT",IF(OR(NOT(ISNUMBER(AW50)),NOT(ISNUMBER(AX50))),"E_INVALID_DATE",IF(OR(AW50<>INT(AW50),AX50<0,AX50>=1),"E_INVALID_DATE",IF(ISNA(MATCH(AY50,nLIST_Offset,0)),"E_INVALID_UNIT","")))),IF(AV50="DATE",IF(AW50="","E_MISSING_INPUT",IF(NOT(ISNUMBER(AW50)),"E_INVALID_DATE",IF(AW50<>INT(AW50),"E_INVALID_DATE",""))),IF(AV50="MONTH",IF(OR(AZ50="",BA50=""),"E_MISSING_INPUT",IF(OR(NOT(ISNUMBER(AZ50)),NOT(ISNUMBER(BA50))),"E_INVALID_DATE",IF(OR(AZ50<1900,AZ50>9999,AZ50<>INT(AZ50),BA50<1,BA50>12,BA50<>INT(BA50)),"E_INVALID_DATE",""))),IF(AV50="YEAR",IF(AZ50="","E_MISSING_INPUT",IF(NOT(ISNUMBER(AZ50)),"E_INVALID_DATE",IF(OR(AZ50<1900,AZ50>9999,AZ50<>INT(AZ50)),"E_INVALID_DATE",""))),IF(AV50="RANGE",IF(OR(BB50="",BC50=""),"E_MISSING_INPUT",IF(OR(NOT(ISNUMBER(BB50)),NOT(ISNUMBER(BC50))),"E_INVALID_DATE",IF(OR(BB50<>INT(BB50),BC50<>INT(BC50)),"E_INVALID_DATE",IF(BB50>BC50,"E_REVERSED_BOUNDS","")))),"E_INVALID_UNIT"))))))) | BF50: =IF(AND(BE50="",AV50="TIMESTAMP"),1,0) -> 0 | BG50: =IF(AND(BF50=1,AY50<>"unknown"),1,0) -> 0 | BH50: =IF(OR(BE50<>"",AV50=""),"",IF(OR(AV50="TIMESTAMP",AV50="DATE"),AW50,IF(AV50="MONTH",DATE(AZ50,BA50,1),IF(AV50="YEAR",DATE(AZ50,1,1),BB50)))) | BI50: =IF(OR(BE50<>"",AV50=""),"",IF(OR(AV50="TIMESTAMP",AV50="DATE"),AW50,IF(AV50="MONTH",EOMONTH(DATE(AZ50,BA50,1),0),IF(AV50="YEAR",DATE(AZ50,12,31),BC50)))) | BJ50: =IF(BF50=1,AW50*1440+ROUND(AX50*1440,0),"") | BK50: =IF(BG50=1,BJ50-(IF(LEFT(AY50,1)="-",-1,1)*(VALUE(MID(AY50,2,2))*60+VALUE(MID(AY50,5,2)))),"") | BL50: =IF(D50="","",A50&"|"&B50&"|"&D50) -> VEC-V03|1|EX1 | BM50: =IF(BL50="",0,COUNTIF(nEXP_Key,BL50)) -> 1 | BN50: =IF(D50="",IF(COUNTA(C50,E50,N50,O50)>0,"E_MISSING_INPUT",""),IF(BM50>1,"E_DUPLICATE_ID",IF(W50<>"",W50,IF(AN50<>"",AN50,BE50)))) | BO50: =IF(BN50="","",BN50&": "&SUBSTITUTE(IFERROR(INDEX(nMSG_Text,MATCH(BN50,nMSG_Code,0)),""),"[input]",IF(D50="","an Exposure_Episode_ID","the date fields required by the selected precision")))
A51: VEC-V04 | B51: 1 | C51: D1 | D51: EX1 | E51: Vector drug | M51: 2024-02-28 | N51: DATE | O51: 45350 | V51: tto_calc_test_vectors_v1.0.json V04 | W51: =IF(COUNTA(N51:U51)=0,"",IF(N51="","E_MISSING_INPUT",IF(N51="TIMESTAMP",IF(OR(O51="",P51="",Q51=""),"E_MISSING_INPUT",IF(OR(NOT(ISNUMBER(O51)),NOT(ISNUMBER(P51))),"E_INVALID_DATE",IF(OR(O51<>INT(O51),P51<0,P51>=1),"E_INVALID_DATE",IF(ISNA(MATCH(Q51,nLIST_Offset,0)),"E_INVALID_UNIT","")))),IF(N51="DATE",IF(O51="","E_MISSING_INPUT",IF(NOT(ISNUMBER(O51)),"E_INVALID_DATE",IF(O51<>INT(O51),"E_INVALID_DATE",""))),IF(N51="MONTH",IF(OR(R51="",S51=""),"E_MISSING_INPUT",IF(OR(NOT(ISNUMBER(R51)),NOT(ISNUMBER(S51))),"E_INVALID_DATE",IF(OR(R51<1900,R51>9999,R51<>INT(R51),S51<1,S51>12,S51<>INT(S51)),"E_INVALID_DATE",""))),IF(N51="YEAR",IF(R51="","E_MISSING_INPUT",IF(NOT(ISNUMBER(R51)),"E_INVALID_DATE",IF(OR(R51<1900,R51>9999,R51<>INT(R51)),"E_INVALID_DATE",""))),IF(N51="RANGE",IF(OR(T51="",U51=""),"E_MISSING_INPUT",IF(OR(NOT(ISNUMBER(T51)),NOT(ISNUMBER(U51))),"E_INVALID_DATE",IF(OR(T51<>INT(T51),U51<>INT(U51)),"E_INVALID_DATE",IF(T51>U51,"E_REVERSED_BOUNDS","")))),"E_INVALID_UNIT"))))))) | X51: =IF(AND(W51="",N51="TIMESTAMP"),1,0) -> 0 | Y51: =IF(AND(X51=1,Q51<>"unknown"),1,0) -> 0 | Z51: =IF(OR(W51<>"",N51=""),"",IF(OR(N51="TIMESTAMP",N51="DATE"),O51,IF(N51="MONTH",DATE(R51,S51,1),IF(N51="YEAR",DATE(R51,1,1),T51)))) -> 45350 | AA51: =IF(OR(W51<>"",N51=""),"",IF(OR(N51="TIMESTAMP",N51="DATE"),O51,IF(N51="MONTH",EOMONTH(DATE(R51,S51,1),0),IF(N51="YEAR",DATE(R51,12,31),U51)))) -> 45350 | AB51: =IF(X51=1,O51*1440+ROUND(P51*1440,0),"") | AC51: =IF(Y51=1,AB51-(IF(LEFT(Q51,1)="-",-1,1)*(VALUE(MID(Q51,2,2))*60+VALUE(MID(Q51,5,2)))),"") | AN51: =IF(COUNTA(AE51:AL51)=0,"",IF(AE51="","E_MISSING_INPUT",IF(AE51="TIMESTAMP",IF(OR(AF51="",AG51="",AH51=""),"E_MISSING_INPUT",IF(OR(NOT(ISNUMBER(AF51)),NOT(ISNUMBER(AG51))),"E_INVALID_DATE",IF(OR(AF51<>INT(AF51),AG51<0,AG51>=1),"E_INVALID_DATE",IF(ISNA(MATCH(AH51,nLIST_Offset,0)),"E_INVALID_UNIT","")))),IF(AE51="DATE",IF(AF51="","E_MISSING_INPUT",IF(NOT(ISNUMBER(AF51)),"E_INVALID_DATE",IF(AF51<>INT(AF51),"E_INVALID_DATE",""))),IF(AE51="MONTH",IF(OR(AI51="",AJ51=""),"E_MISSING_INPUT",IF(OR(NOT(ISNUMBER(AI51)),NOT(ISNUMBER(AJ51))),"E_INVALID_DATE",IF(OR(AI51<1900,AI51>9999,AI51<>INT(AI51),AJ51<1,AJ51>12,AJ51<>INT(AJ51)),"E_INVALID_DATE",""))),IF(AE51="YEAR",IF(AI51="","E_MISSING_INPUT",IF(NOT(ISNUMBER(AI51)),"E_INVALID_DATE",IF(OR(AI51<1900,AI51>9999,AI51<>INT(AI51)),"E_INVALID_DATE",""))),IF(AE51="RANGE",IF(OR(AK51="",AL51=""),"E_MISSING_INPUT",IF(OR(NOT(ISNUMBER(AK51)),NOT(ISNUMBER(AL51))),"E_INVALID_DATE",IF(OR(AK51<>INT(AK51),AL51<>INT(AL51)),"E_INVALID_DATE",IF(AK51>AL51,"E_REVERSED_BOUNDS","")))),"E_INVALID_UNIT"))))))) | AO51: =IF(AND(AN51="",AE51="TIMESTAMP"),1,0) -> 0 | AP51: =IF(AND(AO51=1,AH51<>"unknown"),1,0) -> 0 | AQ51: =IF(OR(AN51<>"",AE51=""),"",IF(OR(AE51="TIMESTAMP",AE51="DATE"),AF51,IF(AE51="MONTH",DATE(AI51,AJ51,1),IF(AE51="YEAR",DATE(AI51,1,1),AK51)))) | AR51: =IF(OR(AN51<>"",AE51=""),"",IF(OR(AE51="TIMESTAMP",AE51="DATE"),AF51,IF(AE51="MONTH",EOMONTH(DATE(AI51,AJ51,1),0),IF(AE51="YEAR",DATE(AI51,12,31),AL51)))) | AS51: =IF(AO51=1,AF51*1440+ROUND(AG51*1440,0),"") | AT51: =IF(AP51=1,AS51-(IF(LEFT(AH51,1)="-",-1,1)*(VALUE(MID(AH51,2,2))*60+VALUE(MID(AH51,5,2)))),"") | BE51: =IF(COUNTA(AV51:BC51)=0,"",IF(AV51="","E_MISSING_INPUT",IF(AV51="TIMESTAMP",IF(OR(AW51="",AX51="",AY51=""),"E_MISSING_INPUT",IF(OR(NOT(ISNUMBER(AW51)),NOT(ISNUMBER(AX51))),"E_INVALID_DATE",IF(OR(AW51<>INT(AW51),AX51<0,AX51>=1),"E_INVALID_DATE",IF(ISNA(MATCH(AY51,nLIST_Offset,0)),"E_INVALID_UNIT","")))),IF(AV51="DATE",IF(AW51="","E_MISSING_INPUT",IF(NOT(ISNUMBER(AW51)),"E_INVALID_DATE",IF(AW51<>INT(AW51),"E_INVALID_DATE",""))),IF(AV51="MONTH",IF(OR(AZ51="",BA51=""),"E_MISSING_INPUT",IF(OR(NOT(ISNUMBER(AZ51)),NOT(ISNUMBER(BA51))),"E_INVALID_DATE",IF(OR(AZ51<1900,AZ51>9999,AZ51<>INT(AZ51),BA51<1,BA51>12,BA51<>INT(BA51)),"E_INVALID_DATE",""))),IF(AV51="YEAR",IF(AZ51="","E_MISSING_INPUT",IF(NOT(ISNUMBER(AZ51)),"E_INVALID_DATE",IF(OR(AZ51<1900,AZ51>9999,AZ51<>INT(AZ51)),"E_INVALID_DATE",""))),IF(AV51="RANGE",IF(OR(BB51="",BC51=""),"E_MISSING_INPUT",IF(OR(NOT(ISNUMBER(BB51)),NOT(ISNUMBER(BC51))),"E_INVALID_DATE",IF(OR(BB51<>INT(BB51),BC51<>INT(BC51)),"E_INVALID_DATE",IF(BB51>BC51,"E_REVERSED_BOUNDS","")))),"E_INVALID_UNIT"))))))) | BF51: =IF(AND(BE51="",AV51="TIMESTAMP"),1,0) -> 0 | BG51: =IF(AND(BF51=1,AY51<>"unknown"),1,0) -> 0 | BH51: =IF(OR(BE51<>"",AV51=""),"",IF(OR(AV51="TIMESTAMP",AV51="DATE"),AW51,IF(AV51="MONTH",DATE(AZ51,BA51,1),IF(AV51="YEAR",DATE(AZ51,1,1),BB51)))) | BI51: =IF(OR(BE51<>"",AV51=""),"",IF(OR(AV51="TIMESTAMP",AV51="DATE"),AW51,IF(AV51="MONTH",EOMONTH(DATE(AZ51,BA51,1),0),IF(AV51="YEAR",DATE(AZ51,12,31),BC51)))) | BJ51: =IF(BF51=1,AW51*1440+ROUND(AX51*1440,0),"") | BK51: =IF(BG51=1,BJ51-(IF(LEFT(AY51,1)="-",-1,1)*(VALUE(MID(AY51,2,2))*60+VALUE(MID(AY51,5,2)))),"") | BL51: =IF(D51="","",A51&"|"&B51&"|"&D51) -> VEC-V04|1|EX1 | BM51: =IF(BL51="",0,COUNTIF(nEXP_Key,BL51)) -> 1 | BN51: =IF(D51="",IF(COUNTA(C51,E51,N51,O51)>0,"E_MISSING_INPUT",""),IF(BM51>1,"E_DUPLICATE_ID",IF(W51<>"",W51,IF(AN51<>"",AN51,BE51)))) | BO51: =IF(BN51="","",BN51&": "&SUBSTITUTE(IFERROR(INDEX(nMSG_Text,MATCH(BN51,nMSG_Code,0)),""),"[input]",IF(D51="","an Exposure_Episode_ID","the date fields required by the selected precision")))
A52: VEC-V05 | B52: 1 | C52: D1 | D52: EX1 | E52: Vector drug | M52: start 1-10 January 2026 | N52: RANGE | T52: 46023 | U52: 46032 | V52: tto_calc_test_vectors_v1.0.json V05 | W52: =IF(COUNTA(N52:U52)=0,"",IF(N52="","E_MISSING_INPUT",IF(N52="TIMESTAMP",IF(OR(O52="",P52="",Q52=""),"E_MISSING_INPUT",IF(OR(NOT(ISNUMBER(O52)),NOT(ISNUMBER(P52))),"E_INVALID_DATE",IF(OR(O52<>INT(O52),P52<0,P52>=1),"E_INVALID_DATE",IF(ISNA(MATCH(Q52,nLIST_Offset,0)),"E_INVALID_UNIT","")))),IF(N52="DATE",IF(O52="","E_MISSING_INPUT",IF(NOT(ISNUMBER(O52)),"E_INVALID_DATE",IF(O52<>INT(O52),"E_INVALID_DATE",""))),IF(N52="MONTH",IF(OR(R52="",S52=""),"E_MISSING_INPUT",IF(OR(NOT(ISNUMBER(R52)),NOT(ISNUMBER(S52))),"E_INVALID_DATE",IF(OR(R52<1900,R52>9999,R52<>INT(R52),S52<1,S52>12,S52<>INT(S52)),"E_INVALID_DATE",""))),IF(N52="YEAR",IF(R52="","E_MISSING_INPUT",IF(NOT(ISNUMBER(R52)),"E_INVALID_DATE",IF(OR(R52<1900,R52>9999,R52<>INT(R52)),"E_INVALID_DATE",""))),IF(N52="RANGE",IF(OR(T52="",U52=""),"E_MISSING_INPUT",IF(OR(NOT(ISNUMBER(T52)),NOT(ISNUMBER(U52))),"E_INVALID_DATE",IF(OR(T52<>INT(T52),U52<>INT(U52)),"E_INVALID_DATE",IF(T52>U52,"E_REVERSED_BOUNDS","")))),"E_INVALID_UNIT"))))))) | X52: =IF(AND(W52="",N52="TIMESTAMP"),1,0) -> 0 | Y52: =IF(AND(X52=1,Q52<>"unknown"),1,0) -> 0 | Z52: =IF(OR(W52<>"",N52=""),"",IF(OR(N52="TIMESTAMP",N52="DATE"),O52,IF(N52="MONTH",DATE(R52,S52,1),IF(N52="YEAR",DATE(R52,1,1),T52)))) -> 46023 | AA52: =IF(OR(W52<>"",N52=""),"",IF(OR(N52="TIMESTAMP",N52="DATE"),O52,IF(N52="MONTH",EOMONTH(DATE(R52,S52,1),0),IF(N52="YEAR",DATE(R52,12,31),U52)))) -> 46032 | AB52: =IF(X52=1,O52*1440+ROUND(P52*1440,0),"") | AC52: =IF(Y52=1,AB52-(IF(LEFT(Q52,1)="-",-1,1)*(VALUE(MID(Q52,2,2))*60+VALUE(MID(Q52,5,2)))),"") | AN52: =IF(COUNTA(AE52:AL52)=0,"",IF(AE52="","E_MISSING_INPUT",IF(AE52="TIMESTAMP",IF(OR(AF52="",AG52="",AH52=""),"E_MISSING_INPUT",IF(OR(NOT(ISNUMBER(AF52)),NOT(ISNUMBER(AG52))),"E_INVALID_DATE",IF(OR(AF52<>INT(AF52),AG52<0,AG52>=1),"E_INVALID_DATE",IF(ISNA(MATCH(AH52,nLIST_Offset,0)),"E_INVALID_UNIT","")))),IF(AE52="DATE",IF(AF52="","E_MISSING_INPUT",IF(NOT(ISNUMBER(AF52)),"E_INVALID_DATE",IF(AF52<>INT(AF52),"E_INVALID_DATE",""))),IF(AE52="MONTH",IF(OR(AI52="",AJ52=""),"E_MISSING_INPUT",IF(OR(NOT(ISNUMBER(AI52)),NOT(ISNUMBER(AJ52))),"E_INVALID_DATE",IF(OR(AI52<1900,AI52>9999,AI52<>INT(AI52),AJ52<1,AJ52>12,AJ52<>INT(AJ52)),"E_INVALID_DATE",""))),IF(AE52="YEAR",IF(AI52="","E_MISSING_INPUT",IF(NOT(ISNUMBER(AI52)),"E_INVALID_DATE",IF(OR(AI52<1900,AI52>9999,AI52<>INT(AI52)),"E_INVALID_DATE",""))),IF(AE52="RANGE",IF(OR(AK52="",AL52=""),"E_MISSING_INPUT",IF(OR(NOT(ISNUMBER(AK52)),NOT(ISNUMBER(AL52))),"E_INVALID_DATE",IF(OR(AK52<>INT(AK52),AL52<>INT(AL52)),"E_INVALID_DATE",IF(AK52>AL52,"E_REVERSED_BOUNDS","")))),"E_INVALID_UNIT"))))))) | AO52: =IF(AND(AN52="",AE52="TIMESTAMP"),1,0) -> 0 | AP52: =IF(AND(AO52=1,AH52<>"unknown"),1,0) -> 0 | AQ52: =IF(OR(AN52<>"",AE52=""),"",IF(OR(AE52="TIMESTAMP",AE52="DATE"),AF52,IF(AE52="MONTH",DATE(AI52,AJ52,1),IF(AE52="YEAR",DATE(AI52,1,1),AK52)))) | AR52: =IF(OR(AN52<>"",AE52=""),"",IF(OR(AE52="TIMESTAMP",AE52="DATE"),AF52,IF(AE52="MONTH",EOMONTH(DATE(AI52,AJ52,1),0),IF(AE52="YEAR",DATE(AI52,12,31),AL52)))) | AS52: =IF(AO52=1,AF52*1440+ROUND(AG52*1440,0),"") | AT52: =IF(AP52=1,AS52-(IF(LEFT(AH52,1)="-",-1,1)*(VALUE(MID(AH52,2,2))*60+VALUE(MID(AH52,5,2)))),"") | BE52: =IF(COUNTA(AV52:BC52)=0,"",IF(AV52="","E_MISSING_INPUT",IF(AV52="TIMESTAMP",IF(OR(AW52="",AX52="",AY52=""),"E_MISSING_INPUT",IF(OR(NOT(ISNUMBER(AW52)),NOT(ISNUMBER(AX52))),"E_INVALID_DATE",IF(OR(AW52<>INT(AW52),AX52<0,AX52>=1),"E_INVALID_DATE",IF(ISNA(MATCH(AY52,nLIST_Offset,0)),"E_INVALID_UNIT","")))),IF(AV52="DATE",IF(AW52="","E_MISSING_INPUT",IF(NOT(ISNUMBER(AW52)),"E_INVALID_DATE",IF(AW52<>INT(AW52),"E_INVALID_DATE",""))),IF(AV52="MONTH",IF(OR(AZ52="",BA52=""),"E_MISSING_INPUT",IF(OR(NOT(ISNUMBER(AZ52)),NOT(ISNUMBER(BA52))),"E_INVALID_DATE",IF(OR(AZ52<1900,AZ52>9999,AZ52<>INT(AZ52),BA52<1,BA52>12,BA52<>INT(BA52)),"E_INVALID_DATE",""))),IF(AV52="YEAR",IF(AZ52="","E_MISSING_INPUT",IF(NOT(ISNUMBER(AZ52)),"E_INVALID_DATE",IF(OR(AZ52<1900,AZ52>9999,AZ52<>INT(AZ52)),"E_INVALID_DATE",""))),IF(AV52="RANGE",IF(OR(BB52="",BC52=""),"E_MISSING_INPUT",IF(OR(NOT(ISNUMBER(BB52)),NOT(ISNUMBER(BC52))),"E_INVALID_DATE",IF(OR(BB52<>INT(BB52),BC52<>INT(BC52)),"E_INVALID_DATE",IF(BB52>BC52,"E_REVERSED_BOUNDS","")))),"E_INVALID_UNIT"))))))) | BF52: =IF(AND(BE52="",AV52="TIMESTAMP"),1,0) -> 0 | BG52: =IF(AND(BF52=1,AY52<>"unknown"),1,0) -> 0 | BH52: =IF(OR(BE52<>"",AV52=""),"",IF(OR(AV52="TIMESTAMP",AV52="DATE"),AW52,IF(AV52="MONTH",DATE(AZ52,BA52,1),IF(AV52="YEAR",DATE(AZ52,1,1),BB52)))) | BI52: =IF(OR(BE52<>"",AV52=""),"",IF(OR(AV52="TIMESTAMP",AV52="DATE"),AW52,IF(AV52="MONTH",EOMONTH(DATE(AZ52,BA52,1),0),IF(AV52="YEAR",DATE(AZ52,12,31),BC52)))) | BJ52: =IF(BF52=1,AW52*1440+ROUND(AX52*1440,0),"") | BK52: =IF(BG52=1,BJ52-(IF(LEFT(AY52,1)="-",-1,1)*(VALUE(MID(AY52,2,2))*60+VALUE(MID(AY52,5,2)))),"") | BL52: =IF(D52="","",A52&"|"&B52&"|"&D52) -> VEC-V05|1|EX1 | BM52: =IF(BL52="",0,COUNTIF(nEXP_Key,BL52)) -> 1 | BN52: =IF(D52="",IF(COUNTA(C52,E52,N52,O52)>0,"E_MISSING_INPUT",""),IF(BM52>1,"E_DUPLICATE_ID",IF(W52<>"",W52,IF(AN52<>"",AN52,BE52)))) | BO52: =IF(BN52="","",BN52&": "&SUBSTITUTE(IFERROR(INDEX(nMSG_Text,MATCH(BN52,nMSG_Code,0)),""),"[input]",IF(D52="","an Exposure_Episode_ID","the date fields required by the selected precision")))
A53: VEC-V06 | B53: 1 | C53: D1 | D53: EX1 | E53: Vector drug | M53: start 1-10 January 2026 | N53: RANGE | T53: 46023 | U53: 46032 | V53: tto_calc_test_vectors_v1.0.json V06 | W53: =IF(COUNTA(N53:U53)=0,"",IF(N53="","E_MISSING_INPUT",IF(N53="TIMESTAMP",IF(OR(O53="",P53="",Q53=""),"E_MISSING_INPUT",IF(OR(NOT(ISNUMBER(O53)),NOT(ISNUMBER(P53))),"E_INVALID_DATE",IF(OR(O53<>INT(O53),P53<0,P53>=1),"E_INVALID_DATE",IF(ISNA(MATCH(Q53,nLIST_Offset,0)),"E_INVALID_UNIT","")))),IF(N53="DATE",IF(O53="","E_MISSING_INPUT",IF(NOT(ISNUMBER(O53)),"E_INVALID_DATE",IF(O53<>INT(O53),"E_INVALID_DATE",""))),IF(N53="MONTH",IF(OR(R53="",S53=""),"E_MISSING_INPUT",IF(OR(NOT(ISNUMBER(R53)),NOT(ISNUMBER(S53))),"E_INVALID_DATE",IF(OR(R53<1900,R53>9999,R53<>INT(R53),S53<1,S53>12,S53<>INT(S53)),"E_INVALID_DATE",""))),IF(N53="YEAR",IF(R53="","E_MISSING_INPUT",IF(NOT(ISNUMBER(R53)),"E_INVALID_DATE",IF(OR(R53<1900,R53>9999,R53<>INT(R53)),"E_INVALID_DATE",""))),IF(N53="RANGE",IF(OR(T53="",U53=""),"E_MISSING_INPUT",IF(OR(NOT(ISNUMBER(T53)),NOT(ISNUMBER(U53))),"E_INVALID_DATE",IF(OR(T53<>INT(T53),U53<>INT(U53)),"E_INVALID_DATE",IF(T53>U53,"E_REVERSED_BOUNDS","")))),"E_INVALID_UNIT"))))))) | X53: =IF(AND(W53="",N53="TIMESTAMP"),1,0) -> 0 | Y53: =IF(AND(X53=1,Q53<>"unknown"),1,0) -> 0 | Z53: =IF(OR(W53<>"",N53=""),"",IF(OR(N53="TIMESTAMP",N53="DATE"),O53,IF(N53="MONTH",DATE(R53,S53,1),IF(N53="YEAR",DATE(R53,1,1),T53)))) -> 46023 | AA53: =IF(OR(W53<>"",N53=""),"",IF(OR(N53="TIMESTAMP",N53="DATE"),O53,IF(N53="MONTH",EOMONTH(DATE(R53,S53,1),0),IF(N53="YEAR",DATE(R53,12,31),U53)))) -> 46032 | AB53: =IF(X53=1,O53*1440+ROUND(P53*1440,0),"") | AC53: =IF(Y53=1,AB53-(IF(LEFT(Q53,1)="-",-1,1)*(VALUE(MID(Q53,2,2))*60+VALUE(MID(Q53,5,2)))),"") | AN53: =IF(COUNTA(AE53:AL53)=0,"",IF(AE53="","E_MISSING_INPUT",IF(AE53="TIMESTAMP",IF(OR(AF53="",AG53="",AH53=""),"E_MISSING_INPUT",IF(OR(NOT(ISNUMBER(AF53)),NOT(ISNUMBER(AG53))),"E_INVALID_DATE",IF(OR(AF53<>INT(AF53),AG53<0,AG53>=1),"E_INVALID_DATE",IF(ISNA(MATCH(AH53,nLIST_Offset,0)),"E_INVALID_UNIT","")))),IF(AE53="DATE",IF(AF53="","E_MISSING_INPUT",IF(NOT(ISNUMBER(AF53)),"E_INVALID_DATE",IF(AF53<>INT(AF53),"E_INVALID_DATE",""))),IF(AE53="MONTH",IF(OR(AI53="",AJ53=""),"E_MISSING_INPUT",IF(OR(NOT(ISNUMBER(AI53)),NOT(ISNUMBER(AJ53))),"E_INVALID_DATE",IF(OR(AI53<1900,AI53>9999,AI53<>INT(AI53),AJ53<1,AJ53>12,AJ53<>INT(AJ53)),"E_INVALID_DATE",""))),IF(AE53="YEAR",IF(AI53="","E_MISSING_INPUT",IF(NOT(ISNUMBER(AI53)),"E_INVALID_DATE",IF(OR(AI53<1900,AI53>9999,AI53<>INT(AI53)),"E_INVALID_DATE",""))),IF(AE53="RANGE",IF(OR(AK53="",AL53=""),"E_MISSING_INPUT",IF(OR(NOT(ISNUMBER(AK53)),NOT(ISNUMBER(AL53))),"E_INVALID_DATE",IF(OR(AK53<>INT(AK53),AL53<>INT(AL53)),"E_INVALID_DATE",IF(AK53>AL53,"E_REVERSED_BOUNDS","")))),"E_INVALID_UNIT"))))))) | AO53: =IF(AND(AN53="",AE53="TIMESTAMP"),1,0) -> 0 | AP53: =IF(AND(AO53=1,AH53<>"unknown"),1,0) -> 0 | AQ53: =IF(OR(AN53<>"",AE53=""),"",IF(OR(AE53="TIMESTAMP",AE53="DATE"),AF53,IF(AE53="MONTH",DATE(AI53,AJ53,1),IF(AE53="YEAR",DATE(AI53,1,1),AK53)))) | AR53: =IF(OR(AN53<>"",AE53=""),"",IF(OR(AE53="TIMESTAMP",AE53="DATE"),AF53,IF(AE53="MONTH",EOMONTH(DATE(AI53,AJ53,1),0),IF(AE53="YEAR",DATE(AI53,12,31),AL53)))) | AS53: =IF(AO53=1,AF53*1440+ROUND(AG53*1440,0),"") | AT53: =IF(AP53=1,AS53-(IF(LEFT(AH53,1)="-",-1,1)*(VALUE(MID(AH53,2,2))*60+VALUE(MID(AH53,5,2)))),"") | BE53: =IF(COUNTA(AV53:BC53)=0,"",IF(AV53="","E_MISSING_INPUT",IF(AV53="TIMESTAMP",IF(OR(AW53="",AX53="",AY53=""),"E_MISSING_INPUT",IF(OR(NOT(ISNUMBER(AW53)),NOT(ISNUMBER(AX53))),"E_INVALID_DATE",IF(OR(AW53<>INT(AW53),AX53<0,AX53>=1),"E_INVALID_DATE",IF(ISNA(MATCH(AY53,nLIST_Offset,0)),"E_INVALID_UNIT","")))),IF(AV53="DATE",IF(AW53="","E_MISSING_INPUT",IF(NOT(ISNUMBER(AW53)),"E_INVALID_DATE",IF(AW53<>INT(AW53),"E_INVALID_DATE",""))),IF(AV53="MONTH",IF(OR(AZ53="",BA53=""),"E_MISSING_INPUT",IF(OR(NOT(ISNUMBER(AZ53)),NOT(ISNUMBER(BA53))),"E_INVALID_DATE",IF(OR(AZ53<1900,AZ53>9999,AZ53<>INT(AZ53),BA53<1,BA53>12,BA53<>INT(BA53)),"E_INVALID_DATE",""))),IF(AV53="YEAR",IF(AZ53="","E_MISSING_INPUT",IF(NOT(ISNUMBER(AZ53)),"E_INVALID_DATE",IF(OR(AZ53<1900,AZ53>9999,AZ53<>INT(AZ53)),"E_INVALID_DATE",""))),IF(AV53="RANGE",IF(OR(BB53="",BC53=""),"E_MISSING_INPUT",IF(OR(NOT(ISNUMBER(BB53)),NOT(ISNUMBER(BC53))),"E_INVALID_DATE",IF(OR(BB53<>INT(BB53),BC53<>INT(BC53)),"E_INVALID_DATE",IF(BB53>BC53,"E_REVERSED_BOUNDS","")))),"E_INVALID_UNIT"))))))) | BF53: =IF(AND(BE53="",AV53="TIMESTAMP"),1,0) -> 0 | BG53: =IF(AND(BF53=1,AY53<>"unknown"),1,0) -> 0 | BH53: =IF(OR(BE53<>"",AV53=""),"",IF(OR(AV53="TIMESTAMP",AV53="DATE"),AW53,IF(AV53="MONTH",DATE(AZ53,BA53,1),IF(AV53="YEAR",DATE(AZ53,1,1),BB53)))) | BI53: =IF(OR(BE53<>"",AV53=""),"",IF(OR(AV53="TIMESTAMP",AV53="DATE"),AW53,IF(AV53="MONTH",EOMONTH(DATE(AZ53,BA53,1),0),IF(AV53="YEAR",DATE(AZ53,12,31),BC53)))) | BJ53: =IF(BF53=1,AW53*1440+ROUND(AX53*1440,0),"") | BK53: =IF(BG53=1,BJ53-(IF(LEFT(AY53,1)="-",-1,1)*(VALUE(MID(AY53,2,2))*60+VALUE(MID(AY53,5,2)))),"") | BL53: =IF(D53="","",A53&"|"&B53&"|"&D53) -> VEC-V06|1|EX1 | BM53: =IF(BL53="",0,COUNTIF(nEXP_Key,BL53)) -> 1 | BN53: =IF(D53="",IF(COUNTA(C53,E53,N53,O53)>0,"E_MISSING_INPUT",""),IF(BM53>1,"E_DUPLICATE_ID",IF(W53<>"",W53,IF(AN53<>"",AN53,BE53)))) | BO53: =IF(BN53="","",BN53&": "&SUBSTITUTE(IFERROR(INDEX(nMSG_Text,MATCH(BN53,nMSG_Code,0)),""),"[input]",IF(D53="","an Exposure_Episode_ID","the date fields required by the selected precision")))
A54: VEC-V07 | B54: 1 | C54: D1 | D54: EX1 | E54: Vector drug | M54: first dose | N54: TIMESTAMP | O54: 46082 | P54: 0.33333333 | Q54: -05:00 | V54: tto_calc_test_vectors_v1.0.json V07 | W54: =IF(COUNTA(N54:U54)=0,"",IF(N54="","E_MISSING_INPUT",IF(N54="TIMESTAMP",IF(OR(O54="",P54="",Q54=""),"E_MISSING_INPUT",IF(OR(NOT(ISNUMBER(O54)),NOT(ISNUMBER(P54))),"E_INVALID_DATE",IF(OR(O54<>INT(O54),P54<0,P54>=1),"E_INVALID_DATE",IF(ISNA(MATCH(Q54,nLIST_Offset,0)),"E_INVALID_UNIT","")))),IF(N54="DATE",IF(O54="","E_MISSING_INPUT",IF(NOT(ISNUMBER(O54)),"E_INVALID_DATE",IF(O54<>INT(O54),"E_INVALID_DATE",""))),IF(N54="MONTH",IF(OR(R54="",S54=""),"E_MISSING_INPUT",IF(OR(NOT(ISNUMBER(R54)),NOT(ISNUMBER(S54))),"E_INVALID_DATE",IF(OR(R54<1900,R54>9999,R54<>INT(R54),S54<1,S54>12,S54<>INT(S54)),"E_INVALID_DATE",""))),IF(N54="YEAR",IF(R54="","E_MISSING_INPUT",IF(NOT(ISNUMBER(R54)),"E_INVALID_DATE",IF(OR(R54<1900,R54>9999,R54<>INT(R54)),"E_INVALID_DATE",""))),IF(N54="RANGE",IF(OR(T54="",U54=""),"E_MISSING_INPUT",IF(OR(NOT(ISNUMBER(T54)),NOT(ISNUMBER(U54))),"E_INVALID_DATE",IF(OR(T54<>INT(T54),U54<>INT(U54)),"E_INVALID_DATE",IF(T54>U54,"E_REVERSED_BOUNDS","")))),"E_INVALID_UNIT"))))))) | X54: =IF(AND(W54="",N54="TIMESTAMP"),1,0) -> 1 | Y54: =IF(AND(X54=1,Q54<>"unknown"),1,0) -> 1 | Z54: =IF(OR(W54<>"",N54=""),"",IF(OR(N54="TIMESTAMP",N54="DATE"),O54,IF(N54="MONTH",DATE(R54,S54,1),IF(N54="YEAR",DATE(R54,1,1),T54)))) -> 46082 | AA54: =IF(OR(W54<>"",N54=""),"",IF(OR(N54="TIMESTAMP",N54="DATE"),O54,IF(N54="MONTH",EOMONTH(DATE(R54,S54,1),0),IF(N54="YEAR",DATE(R54,12,31),U54)))) -> 46082 | AB54: =IF(X54=1,O54*1440+ROUND(P54*1440,0),"") -> 66358560 | AC54: =IF(Y54=1,AB54-(IF(LEFT(Q54,1)="-",-1,1)*(VALUE(MID(Q54,2,2))*60+VALUE(MID(Q54,5,2)))),"") -> 66358860 | AN54: =IF(COUNTA(AE54:AL54)=0,"",IF(AE54="","E_MISSING_INPUT",IF(AE54="TIMESTAMP",IF(OR(AF54="",AG54="",AH54=""),"E_MISSING_INPUT",IF(OR(NOT(ISNUMBER(AF54)),NOT(ISNUMBER(AG54))),"E_INVALID_DATE",IF(OR(AF54<>INT(AF54),AG54<0,AG54>=1),"E_INVALID_DATE",IF(ISNA(MATCH(AH54,nLIST_Offset,0)),"E_INVALID_UNIT","")))),IF(AE54="DATE",IF(AF54="","E_MISSING_INPUT",IF(NOT(ISNUMBER(AF54)),"E_INVALID_DATE",IF(AF54<>INT(AF54),"E_INVALID_DATE",""))),IF(AE54="MONTH",IF(OR(AI54="",AJ54=""),"E_MISSING_INPUT",IF(OR(NOT(ISNUMBER(AI54)),NOT(ISNUMBER(AJ54))),"E_INVALID_DATE",IF(OR(AI54<1900,AI54>9999,AI54<>INT(AI54),AJ54<1,AJ54>12,AJ54<>INT(AJ54)),"E_INVALID_DATE",""))),IF(AE54="YEAR",IF(AI54="","E_MISSING_INPUT",IF(NOT(ISNUMBER(AI54)),"E_INVALID_DATE",IF(OR(AI54<1900,AI54>9999,AI54<>INT(AI54)),"E_INVALID_DATE",""))),IF(AE54="RANGE",IF(OR(AK54="",AL54=""),"E_MISSING_INPUT",IF(OR(NOT(ISNUMBER(AK54)),NOT(ISNUMBER(AL54))),"E_INVALID_DATE",IF(OR(AK54<>INT(AK54),AL54<>INT(AL54)),"E_INVALID_DATE",IF(AK54>AL54,"E_REVERSED_BOUNDS","")))),"E_INVALID_UNIT"))))))) | AO54: =IF(AND(AN54="",AE54="TIMESTAMP"),1,0) -> 0 | AP54: =IF(AND(AO54=1,AH54<>"unknown"),1,0) -> 0 | AQ54: =IF(OR(AN54<>"",AE54=""),"",IF(OR(AE54="TIMESTAMP",AE54="DATE"),AF54,IF(AE54="MONTH",DATE(AI54,AJ54,1),IF(AE54="YEAR",DATE(AI54,1,1),AK54)))) | AR54: =IF(OR(AN54<>"",AE54=""),"",IF(OR(AE54="TIMESTAMP",AE54="DATE"),AF54,IF(AE54="MONTH",EOMONTH(DATE(AI54,AJ54,1),0),IF(AE54="YEAR",DATE(AI54,12,31),AL54)))) | AS54: =IF(AO54=1,AF54*1440+ROUND(AG54*1440,0),"") | AT54: =IF(AP54=1,AS54-(IF(LEFT(AH54,1)="-",-1,1)*(VALUE(MID(AH54,2,2))*60+VALUE(MID(AH54,5,2)))),"") | BE54: =IF(COUNTA(AV54:BC54)=0,"",IF(AV54="","E_MISSING_INPUT",IF(AV54="TIMESTAMP",IF(OR(AW54="",AX54="",AY54=""),"E_MISSING_INPUT",IF(OR(NOT(ISNUMBER(AW54)),NOT(ISNUMBER(AX54))),"E_INVALID_DATE",IF(OR(AW54<>INT(AW54),AX54<0,AX54>=1),"E_INVALID_DATE",IF(ISNA(MATCH(AY54,nLIST_Offset,0)),"E_INVALID_UNIT","")))),IF(AV54="DATE",IF(AW54="","E_MISSING_INPUT",IF(NOT(ISNUMBER(AW54)),"E_INVALID_DATE",IF(AW54<>INT(AW54),"E_INVALID_DATE",""))),IF(AV54="MONTH",IF(OR(AZ54="",BA54=""),"E_MISSING_INPUT",IF(OR(NOT(ISNUMBER(AZ54)),NOT(ISNUMBER(BA54))),"E_INVALID_DATE",IF(OR(AZ54<1900,AZ54>9999,AZ54<>INT(AZ54),BA54<1,BA54>12,BA54<>INT(BA54)),"E_INVALID_DATE",""))),IF(AV54="YEAR",IF(AZ54="","E_MISSING_INPUT",IF(NOT(ISNUMBER(AZ54)),"E_INVALID_DATE",IF(OR(AZ54<1900,AZ54>9999,AZ54<>INT(AZ54)),"E_INVALID_DATE",""))),IF(AV54="RANGE",IF(OR(BB54="",BC54=""),"E_MISSING_INPUT",IF(OR(NOT(ISNUMBER(BB54)),NOT(ISNUMBER(BC54))),"E_INVALID_DATE",IF(OR(BB54<>INT(BB54),BC54<>INT(BC54)),"E_INVALID_DATE",IF(BB54>BC54,"E_REVERSED_BOUNDS","")))),"E_INVALID_UNIT"))))))) | BF54: =IF(AND(BE54="",AV54="TIMESTAMP"),1,0) -> 0 | BG54: =IF(AND(BF54=1,AY54<>"unknown"),1,0) -> 0 | BH54: =IF(OR(BE54<>"",AV54=""),"",IF(OR(AV54="TIMESTAMP",AV54="DATE"),AW54,IF(AV54="MONTH",DATE(AZ54,BA54,1),IF(AV54="YEAR",DATE(AZ54,1,1),BB54)))) | BI54: =IF(OR(BE54<>"",AV54=""),"",IF(OR(AV54="TIMESTAMP",AV54="DATE"),AW54,IF(AV54="MONTH",EOMONTH(DATE(AZ54,BA54,1),0),IF(AV54="YEAR",DATE(AZ54,12,31),BC54)))) | BJ54: =IF(BF54=1,AW54*1440+ROUND(AX54*1440,0),"") | BK54: =IF(BG54=1,BJ54-(IF(LEFT(AY54,1)="-",-1,1)*(VALUE(MID(AY54,2,2))*60+VALUE(MID(AY54,5,2)))),"") | BL54: =IF(D54="","",A54&"|"&B54&"|"&D54) -> VEC-V07|1|EX1 | BM54: =IF(BL54="",0,COUNTIF(nEXP_Key,BL54)) -> 1 | BN54: =IF(D54="",IF(COUNTA(C54,E54,N54,O54)>0,"E_MISSING_INPUT",""),IF(BM54>1,"E_DUPLICATE_ID",IF(W54<>"",W54,IF(AN54<>"",AN54,BE54)))) | BO54: =IF(BN54="","",BN54&": "&SUBSTITUTE(IFERROR(INDEX(nMSG_Text,MATCH(BN54,nMSG_Code,0)),""),"[input]",IF(D54="","an Exposure_Episode_ID","the date fields required by the selected precision")))
A55: VEC-V08 | B55: 1 | C55: D1 | D55: EX1 | E55: Vector drug | M55: first administration | N55: DATE | O55: 46023 | V55: tto_calc_test_vectors_v1.0.json V08 | W55: =IF(COUNTA(N55:U55)=0,"",IF(N55="","E_MISSING_INPUT",IF(N55="TIMESTAMP",IF(OR(O55="",P55="",Q55=""),"E_MISSING_INPUT",IF(OR(NOT(ISNUMBER(O55)),NOT(ISNUMBER(P55))),"E_INVALID_DATE",IF(OR(O55<>INT(O55),P55<0,P55>=1),"E_INVALID_DATE",IF(ISNA(MATCH(Q55,nLIST_Offset,0)),"E_INVALID_UNIT","")))),IF(N55="DATE",IF(O55="","E_MISSING_INPUT",IF(NOT(ISNUMBER(O55)),"E_INVALID_DATE",IF(O55<>INT(O55),"E_INVALID_DATE",""))),IF(N55="MONTH",IF(OR(R55="",S55=""),"E_MISSING_INPUT",IF(OR(NOT(ISNUMBER(R55)),NOT(ISNUMBER(S55))),"E_INVALID_DATE",IF(OR(R55<1900,R55>9999,R55<>INT(R55),S55<1,S55>12,S55<>INT(S55)),"E_INVALID_DATE",""))),IF(N55="YEAR",IF(R55="","E_MISSING_INPUT",IF(NOT(ISNUMBER(R55)),"E_INVALID_DATE",IF(OR(R55<1900,R55>9999,R55<>INT(R55)),"E_INVALID_DATE",""))),IF(N55="RANGE",IF(OR(T55="",U55=""),"E_MISSING_INPUT",IF(OR(NOT(ISNUMBER(T55)),NOT(ISNUMBER(U55))),"E_INVALID_DATE",IF(OR(T55<>INT(T55),U55<>INT(U55)),"E_INVALID_DATE",IF(T55>U55,"E_REVERSED_BOUNDS","")))),"E_INVALID_UNIT"))))))) | X55: =IF(AND(W55="",N55="TIMESTAMP"),1,0) -> 0 | Y55: =IF(AND(X55=1,Q55<>"unknown"),1,0) -> 0 | Z55: =IF(OR(W55<>"",N55=""),"",IF(OR(N55="TIMESTAMP",N55="DATE"),O55,IF(N55="MONTH",DATE(R55,S55,1),IF(N55="YEAR",DATE(R55,1,1),T55)))) -> 46023 | AA55: =IF(OR(W55<>"",N55=""),"",IF(OR(N55="TIMESTAMP",N55="DATE"),O55,IF(N55="MONTH",EOMONTH(DATE(R55,S55,1),0),IF(N55="YEAR",DATE(R55,12,31),U55)))) -> 46023 | AB55: =IF(X55=1,O55*1440+ROUND(P55*1440,0),"") | AC55: =IF(Y55=1,AB55-(IF(LEFT(Q55,1)="-",-1,1)*(VALUE(MID(Q55,2,2))*60+VALUE(MID(Q55,5,2)))),"") | AD55: stop | AE55: DATE | AF55: 46042 | AM55: tto_calc_test_vectors_v1.0.json V08 | AN55: =IF(COUNTA(AE55:AL55)=0,"",IF(AE55="","E_MISSING_INPUT",IF(AE55="TIMESTAMP",IF(OR(AF55="",AG55="",AH55=""),"E_MISSING_INPUT",IF(OR(NOT(ISNUMBER(AF55)),NOT(ISNUMBER(AG55))),"E_INVALID_DATE",IF(OR(AF55<>INT(AF55),AG55<0,AG55>=1),"E_INVALID_DATE",IF(ISNA(MATCH(AH55,nLIST_Offset,0)),"E_INVALID_UNIT","")))),IF(AE55="DATE",IF(AF55="","E_MISSING_INPUT",IF(NOT(ISNUMBER(AF55)),"E_INVALID_DATE",IF(AF55<>INT(AF55),"E_INVALID_DATE",""))),IF(AE55="MONTH",IF(OR(AI55="",AJ55=""),"E_MISSING_INPUT",IF(OR(NOT(ISNUMBER(AI55)),NOT(ISNUMBER(AJ55))),"E_INVALID_DATE",IF(OR(AI55<1900,AI55>9999,AI55<>INT(AI55),AJ55<1,AJ55>12,AJ55<>INT(AJ55)),"E_INVALID_DATE",""))),IF(AE55="YEAR",IF(AI55="","E_MISSING_INPUT",IF(NOT(ISNUMBER(AI55)),"E_INVALID_DATE",IF(OR(AI55<1900,AI55>9999,AI55<>INT(AI55)),"E_INVALID_DATE",""))),IF(AE55="RANGE",IF(OR(AK55="",AL55=""),"E_MISSING_INPUT",IF(OR(NOT(ISNUMBER(AK55)),NOT(ISNUMBER(AL55))),"E_INVALID_DATE",IF(OR(AK55<>INT(AK55),AL55<>INT(AL55)),"E_INVALID_DATE",IF(AK55>AL55,"E_REVERSED_BOUNDS","")))),"E_INVALID_UNIT"))))))) | AO55: =IF(AND(AN55="",AE55="TIMESTAMP"),1,0) -> 0 | AP55: =IF(AND(AO55=1,AH55<>"unknown"),1,0) -> 0 | AQ55: =IF(OR(AN55<>"",AE55=""),"",IF(OR(AE55="TIMESTAMP",AE55="DATE"),AF55,IF(AE55="MONTH",DATE(AI55,AJ55,1),IF(AE55="YEAR",DATE(AI55,1,1),AK55)))) -> 46042 | AR55: =IF(OR(AN55<>"",AE55=""),"",IF(OR(AE55="TIMESTAMP",AE55="DATE"),AF55,IF(AE55="MONTH",EOMONTH(DATE(AI55,AJ55,1),0),IF(AE55="YEAR",DATE(AI55,12,31),AL55)))) -> 46042 | AS55: =IF(AO55=1,AF55*1440+ROUND(AG55*1440,0),"") | AT55: =IF(AP55=1,AS55-(IF(LEFT(AH55,1)="-",-1,1)*(VALUE(MID(AH55,2,2))*60+VALUE(MID(AH55,5,2)))),"") | AU55: restart | AV55: DATE | AW55: 46063 | BD55: tto_calc_test_vectors_v1.0.json V08 | BE55: =IF(COUNTA(AV55:BC55)=0,"",IF(AV55="","E_MISSING_INPUT",IF(AV55="TIMESTAMP",IF(OR(AW55="",AX55="",AY55=""),"E_MISSING_INPUT",IF(OR(NOT(ISNUMBER(AW55)),NOT(ISNUMBER(AX55))),"E_INVALID_DATE",IF(OR(AW55<>INT(AW55),AX55<0,AX55>=1),"E_INVALID_DATE",IF(ISNA(MATCH(AY55,nLIST_Offset,0)),"E_INVALID_UNIT","")))),IF(AV55="DATE",IF(AW55="","E_MISSING_INPUT",IF(NOT(ISNUMBER(AW55)),"E_INVALID_DATE",IF(AW55<>INT(AW55),"E_INVALID_DATE",""))),IF(AV55="MONTH",IF(OR(AZ55="",BA55=""),"E_MISSING_INPUT",IF(OR(NOT(ISNUMBER(AZ55)),NOT(ISNUMBER(BA55))),"E_INVALID_DATE",IF(OR(AZ55<1900,AZ55>9999,AZ55<>INT(AZ55),BA55<1,BA55>12,BA55<>INT(BA55)),"E_INVALID_DATE",""))),IF(AV55="YEAR",IF(AZ55="","E_MISSING_INPUT",IF(NOT(ISNUMBER(AZ55)),"E_INVALID_DATE",IF(OR(AZ55<1900,AZ55>9999,AZ55<>INT(AZ55)),"E_INVALID_DATE",""))),IF(AV55="RANGE",IF(OR(BB55="",BC55=""),"E_MISSING_INPUT",IF(OR(NOT(ISNUMBER(BB55)),NOT(ISNUMBER(BC55))),"E_INVALID_DATE",IF(OR(BB55<>INT(BB55),BC55<>INT(BC55)),"E_INVALID_DATE",IF(BB55>BC55,"E_REVERSED_BOUNDS","")))),"E_INVALID_UNIT"))))))) | BF55: =IF(AND(BE55="",AV55="TIMESTAMP"),1,0) -> 0 | BG55: =IF(AND(BF55=1,AY55<>"unknown"),1,0) -> 0 | BH55: =IF(OR(BE55<>"",AV55=""),"",IF(OR(AV55="TIMESTAMP",AV55="DATE"),AW55,IF(AV55="MONTH",DATE(AZ55,BA55,1),IF(AV55="YEAR",DATE(AZ55,1,1),BB55)))) -> 46063 | BI55: =IF(OR(BE55<>"",AV55=""),"",IF(OR(AV55="TIMESTAMP",AV55="DATE"),AW55,IF(AV55="MONTH",EOMONTH(DATE(AZ55,BA55,1),0),IF(AV55="YEAR",DATE(AZ55,12,31),BC55)))) -> 46063 | BJ55: =IF(BF55=1,AW55*1440+ROUND(AX55*1440,0),"") | BK55: =IF(BG55=1,BJ55-(IF(LEFT(AY55,1)="-",-1,1)*(VALUE(MID(AY55,2,2))*60+VALUE(MID(AY55,5,2)))),"") | BL55: =IF(D55="","",A55&"|"&B55&"|"&D55) -> VEC-V08|1|EX1 | BM55: =IF(BL55="",0,COUNTIF(nEXP_Key,BL55)) -> 1 | BN55: =IF(D55="",IF(COUNTA(C55,E55,N55,O55)>0,"E_MISSING_INPUT",""),IF(BM55>1,"E_DUPLICATE_ID",IF(W55<>"",W55,IF(AN55<>"",AN55,BE55)))) | BO55: =IF(BN55="","",BN55&": "&SUBSTITUTE(IFERROR(INDEX(nMSG_Text,MATCH(BN55,nMSG_Code,0)),""),"[input]",IF(D55="","an Exposure_Episode_ID","the date fields required by the selected precision")))
